Entry Time,Exit Time,Direction,Entry Price,SL Price,TP Price,Exit Price,Result,Risk ($),P/L ($),Balance Pre ($),Balance Post ($)
2024-01-03 13:55:00,2024-01-03 14:20:00,SHORT,16462.15,16472.91,16429.86,16472.91,SL,500.0,-500.0,100000.0,99500.0
2024-01-03 14:55:00,2024-01-03 15:00:00,SHORT,16457.65,16480.27,16389.78,16480.27,SL,475.0,-475.0,99500.0,99025.0
2024-01-03 15:05:00,2024-01-03 20:50:00,SHORT,16454.7,16482.8,16370.39,16370.39,TP,451.25,1353.75,99025.0,100378.75
2024-01-04 14:45:00,2024-01-04 14:50:00,SHORT,16307.4,16328.4,16244.39,16328.4,SL,518.94,-518.94,100378.75,99859.81
2024-01-04 14:55:00,2024-01-04 15:00:00,SHORT,16310.65,16335.57,16235.9,16335.57,SL,492.99,-492.99,99859.81,99366.82
2024-01-04 16:45:00,2024-01-04 17:45:00,SHORT,16392.85,16410.54,16339.78,16339.78,TP,468.34,1405.02,99366.83,100771.85
2024-01-05 13:30:00,2024-01-05 13:50:00,SHORT,16222.1,16240.08,16168.17,16240.08,SL,538.59,-538.59,100771.84,100233.25
2024-01-08 14:05:00,2024-01-08 14:30:00,LONG,16340.5,16329.56,16373.31,16373.31,TP,511.66,1534.99,100233.25,101768.24
2024-01-08 16:30:00,2024-01-08 17:40:00,LONG,16514.85,16499.47,16560.98,16560.98,TP,588.41,1765.24,101768.24,103533.48
2024-01-09 14:40:00,2024-01-09 14:55:00,SHORT,16534.35,16555.54,16470.78,16555.54,SL,676.67,-676.67,103533.47,102856.8
2024-01-10 14:50:00,2024-01-10 15:10:00,SHORT,16680.75,16698.76,16626.73,16698.76,SL,642.84,-642.84,102856.8,102213.96
2024-01-10 16:40:00,2024-01-10 16:50:00,LONG,16744.15,16728.89,16789.93,16728.89,SL,610.7,-610.7,102213.96,101603.26
2024-01-10 16:55:00,2024-01-10 18:00:00,LONG,16739.4,16723.81,16786.17,16786.17,TP,580.16,1740.49,101603.26,103343.75
2024-01-11 13:30:00,2024-01-11 14:25:00,SHORT,16811.0,16837.68,16730.96,16837.68,SL,667.19,-667.19,103343.76,102676.57
2024-01-11 14:45:00,2024-01-11 15:05:00,SHORT,16811.0,16841.15,16720.55,16720.55,TP,633.83,1901.49,102676.56,104578.05
2024-01-11 17:25:00,2024-01-11 17:40:00,SHORT,16649.1,16676.04,16568.29,16676.04,SL,728.9,-728.9,104578.05,103849.15
2024-01-12 13:30:00,2024-01-12 13:45:00,LONG,16830.35,16809.74,16892.19,16809.74,SL,692.46,-692.46,103849.15,103156.69
2024-01-12 15:10:00,2024-01-15 03:55:00,SHORT,16827.85,16860.53,16729.81,16860.53,SL,657.83,-657.83,103156.69,102498.86
2024-01-15 14:45:00,2024-01-15 14:55:00,SHORT,16816.2,16825.17,16789.29,16825.17,SL,624.94,-624.94,102498.85,101873.91
2024-01-15 15:20:00,2024-01-15 16:35:00,LONG,16823.95,16815.2,16850.2,16850.2,TP,593.7,1781.09,101873.91,103655.0
2024-01-15 16:50:00,2024-01-15 17:05:00,SHORT,16834.7,16840.71,16816.68,16840.71,SL,682.75,-682.75,103655.0,102972.25
2024-01-15 17:15:00,2024-01-15 23:25:00,SHORT,16840.2,16846.2,16822.21,16822.21,TP,648.61,1945.84,102972.25,104918.09
2024-01-16 13:50:00,2024-01-16 14:25:00,SHORT,16769.25,16785.55,16720.35,16785.55,SL,745.9,-745.9,104918.08,104172.18
2024-01-16 14:55:00,2024-01-16 15:20:00,LONG,16788.75,16761.86,16869.43,16869.43,TP,708.61,2125.83,104172.18,106298.01
2024-01-16 16:15:00,2024-01-16 16:55:00,LONG,16861.55,16826.79,16965.83,16826.79,SL,814.9,-814.9,106298.01,105483.11
2024-01-17 17:00:00,2024-01-17 17:10:00,SHORT,16678.75,16697.4,16622.8,16697.4,SL,774.16,-774.16,105483.12,104708.96
2024-01-17 17:20:00,2024-01-17 17:55:00,SHORT,16669.5,16689.47,16609.6,16689.47,SL,735.45,-735.45,104708.96,103973.51
2024-01-18 14:05:00,2024-01-18 14:20:00,LONG,16881.6,16866.63,16926.5,16866.63,SL,698.68,-698.68,103973.51,103274.83
2024-01-18 14:30:00,2024-01-18 14:50:00,LONG,16906.35,16886.58,16965.65,16886.58,SL,663.74,-663.74,103274.83,102611.09
2024-01-18 15:10:00,2024-01-18 16:30:00,LONG,16893.35,16866.89,16972.72,16972.72,TP,630.55,1891.66,102611.09,104502.75
2024-01-19 14:50:00,2024-01-19 15:05:00,LONG,17089.5,17068.66,17152.02,17068.66,SL,725.14,-725.14,104502.76,103777.62
2024-01-19 15:15:00,2024-01-19 17:25:00,LONG,17086.1,17059.63,17165.5,17165.5,TP,688.88,2066.64,103777.62,105844.26
2024-01-22 14:25:00,2024-01-22 14:30:00,LONG,17414.55,17404.14,17445.78,17445.78,TP,792.21,2376.64,105844.26,108220.9
2024-01-22 14:45:00,2024-01-22 15:00:00,LONG,17415.65,17389.88,17492.96,17389.88,SL,911.04,-911.04,108220.89,107309.85
2024-01-22 15:15:00,2024-01-23 14:30:00,SHORT,17396.9,17426.55,17307.94,17307.94,TP,865.49,2596.48,107309.85,109906.33
2024-01-23 15:15:00,2024-01-23 17:55:00,SHORT,17349.15,17372.52,17279.05,17372.52,SL,995.32,-995.32,109906.34,108911.02
2024-01-24 14:15:00,2024-01-24 14:30:00,LONG,17566.25,17557.99,17591.02,17557.99,SL,945.55,-945.55,108911.01,107965.46
2024-01-24 14:50:00,2024-01-24 15:00:00,LONG,17559.0,17541.63,17611.1,17541.63,SL,898.27,-898.27,107965.46,107067.19
2024-01-24 15:05:00,2024-01-24 15:40:00,LONG,17569.5,17547.72,17634.83,17634.83,TP,853.36,2560.08,107067.19,109627.27
2024-01-24 16:45:00,2024-01-24 17:35:00,LONG,17615.25,17595.28,17675.17,17675.17,TP,981.36,2944.09,109627.27,112571.36
2024-02-01 13:35:00,2024-02-01 13:50:00,LONG,17260.8,17244.52,17309.63,17244.52,SL,1128.57,-1128.57,112571.36,111442.79
2024-02-01 14:00:00,2024-02-01 15:00:00,SHORT,17236.55,17253.0,17187.19,17187.19,TP,1072.14,3216.42,111442.79,114659.21
2024-02-01 15:50:00,2024-02-01 16:35:00,SHORT,17200.05,17227.78,17116.87,17227.78,SL,1232.96,-1232.96,114659.21,113426.25
2024-02-02 14:35:00,2024-02-02 15:40:00,LONG,17465.8,17437.16,17551.73,17551.73,TP,1171.31,3513.94,113426.25,116940.19
2024-02-05 14:15:00,2024-02-05 14:35:00,LONG,17635.55,17626.1,17663.89,17626.1,SL,1347.01,-1347.01,116940.19,115593.18
2024-02-06 14:30:00,2024-02-06 14:45:00,SHORT,17651.9,17665.82,17610.15,17610.15,TP,1279.66,3838.98,115593.18,119432.16
2024-02-06 16:10:00,2024-02-06 16:20:00,SHORT,17552.25,17577.13,17477.6,17577.13,SL,1471.61,-1471.61,119432.16,117960.55
2024-02-06 16:40:00,2024-02-06 17:20:00,SHORT,17551.2,17572.07,17488.6,17488.6,TP,1398.03,4194.08,117960.55,122154.63
2024-02-06 17:45:00,2024-02-06 18:05:00,SHORT,17515.95,17538.09,17449.54,17538.09,SL,1607.73,-1607.73,122154.63,120546.9
2024-02-07 14:45:00,2024-02-07 14:55:00,LONG,17680.45,17660.21,17741.18,17660.21,SL,1527.34,-1527.34,120546.89,119019.55
2024-02-07 15:05:00,2024-02-07 15:20:00,LONG,17682.1,17657.38,17756.27,17756.27,TP,1450.98,4352.93,119019.56,123372.49
2024-02-07 16:50:00,2024-02-07 17:25:00,LONG,17766.9,17745.15,17832.16,17745.15,SL,1668.62,-1668.62,123372.48,121703.86
2024-02-08 14:45:00,2024-02-08 15:45:00,LONG,17755.2,17738.37,17805.69,17805.69,TP,1585.19,4755.58,121703.86,126459.44
2024-03-01 13:35:00,2024-03-01 13:45:00,SHORT,18053.15,18065.79,18015.24,18065.79,SL,1822.97,-1822.97,126459.44,124636.47
2024-03-01 13:50:00,2024-03-01 14:30:00,SHORT,18054.4,18068.53,18012.01,18068.53,SL,1731.82,-1731.82,124636.47,122904.65
2024-03-04 13:45:00,2024-03-04 14:30:00,SHORT,18311.65,18320.68,18284.57,18284.57,TP,1645.23,4935.7,122904.64,127840.34
2024-03-04 16:20:00,2024-03-04 17:20:00,SHORT,18280.4,18296.95,18230.74,18296.95,SL,1892.02,-1892.02,127840.35,125948.33
2024-03-04 17:35:00,2024-03-04 19:35:00,SHORT,18278.15,18292.27,18235.79,18292.27,SL,1797.42,-1797.42,125948.33,124150.91
2024-03-06 13:40:00,2024-03-06 14:30:00,LONG,18059.65,18045.82,18101.15,18101.15,TP,1707.55,5122.64,124150.91,129273.55
2024-03-06 14:45:00,2024-03-06 15:00:00,SHORT,18065.65,18086.76,18002.32,18002.32,TP,1963.68,5891.03,129273.55,135164.58
2024-03-06 15:45:00,2024-03-06 17:05:00,LONG,18041.9,18012.95,18128.75,18128.75,TP,2258.23,6774.69,135164.57,141939.26
2024-04-01 13:30:00,2024-04-01 14:15:00,LONG,18359.3,18339.48,18418.75,18339.48,SL,2596.96,-2596.96,141939.26,139342.3
2024-04-01 17:00:00,2024-04-01 18:35:00,SHORT,18274.55,18289.47,18229.8,18289.47,SL,2467.12,-2467.12,139342.31,136875.19
2024-04-02 14:45:00,2024-04-02 15:10:00,SHORT,18034.15,18059.96,17956.71,18059.96,SL,2343.76,-2343.76,136875.19,134531.43
2024-04-02 15:50:00,2024-04-02 16:25:00,SHORT,18045.65,18062.13,17996.21,18062.13,SL,2226.57,-2226.57,134531.43,132304.86
2024-04-02 17:55:00,2024-04-02 18:05:00,SHORT,18089.65,18101.63,18053.72,18101.63,SL,2115.24,-2115.24,132304.85,130189.61
2024-04-03 13:40:00,2024-04-03 13:45:00,SHORT,18069.55,18088.23,18013.5,18088.23,SL,2009.48,-2009.48,130189.61,128180.13
2024-04-03 16:20:00,2024-04-03 16:35:00,LONG,18233.65,18216.07,18286.4,18216.07,SL,1909.01,-1909.01,128180.14,126271.13
2024-04-03 16:40:00,2024-04-03 19:00:00,LONG,18226.4,18200.95,18302.74,18200.95,SL,1813.56,-1813.56,126271.13,124457.57
2024-04-04 15:25:00,2024-04-04 16:00:00,LONG,18313.85,18299.23,18357.71,18357.71,TP,1722.88,5168.64,124457.56,129626.2
2024-04-04 17:05:00,2024-04-04 17:20:00,LONG,18365.05,18354.27,18397.38,18354.27,SL,1981.31,-1981.31,129626.2,127644.89
2024-04-05 13:40:00,2024-04-05 14:50:00,LONG,17988.7,17950.63,18102.91,18102.91,TP,1882.24,5646.73,127644.9,133291.63
2024-04-05 17:20:00,2024-04-05 17:40:00,LONG,18184.85,18161.72,18254.25,18161.72,SL,2164.58,-2164.58,133291.63,131127.05
2024-04-08 14:20:00,2024-04-08 15:35:00,LONG,18147.7,18120.2,18230.21,18120.2,SL,2056.35,-2056.35,131127.05,129070.7
2024-04-08 16:40:00,2024-04-08 17:40:00,LONG,18132.3,18110.37,18198.09,18110.37,SL,1953.53,-1953.53,129070.69,127117.16
2024-04-09 13:35:00,2024-04-09 13:45:00,LONG,18217.2,18195.42,18282.55,18195.42,SL,1855.86,-1855.86,127117.16,125261.3
2024-04-09 16:50:00,2024-04-09 17:00:00,SHORT,18088.1,18108.91,18025.66,18108.91,SL,1763.07,-1763.07,125261.31,123498.24
2024-04-09 17:10:00,2024-04-09 19:05:00,SHORT,18109.85,18130.11,18049.07,18049.07,TP,1674.91,5024.74,123498.23,128522.97
2024-04-10 14:50:00,2024-04-10 16:55:00,SHORT,17985.0,18024.96,17865.11,18024.96,SL,1926.15,-1926.15,128522.97,126596.82
2024-04-10 17:00:00,2024-04-10 17:15:00,SHORT,17976.0,18001.73,17898.8,18001.73,SL,1829.84,-1829.84,126596.82,124766.98
2024-04-10 17:30:00,2024-04-10 17:55:00,SHORT,17983.25,18021.69,17867.94,18021.69,SL,1738.35,-1738.35,124766.98,123028.63
2024-04-11 13:50:00,2024-04-11 14:00:00,LONG,18092.2,18062.73,18180.6,18062.73,SL,1651.43,-1651.43,123028.63,121377.2
2024-04-11 14:35:00,2024-04-11 17:00:00,LONG,18075.6,18043.84,18170.89,18170.89,TP,1568.86,4706.58,121377.2,126083.78
2024-04-12 14:00:00,2024-04-12 14:40:00,SHORT,18139.85,18166.81,18058.97,18058.97,TP,1804.19,5412.57,126083.78,131496.35
2024-04-12 16:10:00,2024-04-12 16:40:00,SHORT,18068.85,18092.3,17998.5,17998.5,TP,2074.82,6224.45,131496.35,137720.8
2024-04-15 15:40:00,2024-04-15 15:50:00,SHORT,18031.3,18058.11,17950.87,18058.11,SL,2386.04,-2386.04,137720.8,135334.76
2024-04-15 16:15:00,2024-04-15 16:35:00,SHORT,18023.3,18048.32,17948.23,17948.23,TP,2266.74,6800.21,135334.77,142134.98
2024-04-16 13:55:00,2024-04-16 14:05:00,LONG,17746.15,17716.47,17835.18,17716.47,SL,2606.75,-2606.75,142134.98,139528.23
2024-04-16 14:25:00,2024-04-16 15:05:00,SHORT,17706.65,17740.22,17605.93,17740.22,SL,2476.41,-2476.41,139528.23,137051.82
2024-04-16 16:05:00,2024-04-16 17:30:00,LONG,17752.15,17722.25,17841.86,17722.25,SL,2352.59,-2352.59,137051.82,134699.23
2024-04-17 13:30:00,2024-04-17 13:35:00,SHORT,17777.9,17796.08,17723.37,17796.08,SL,2234.96,-2234.96,134699.22,132464.26
2024-04-17 13:40:00,2024-04-17 14:00:00,SHORT,17783.5,17805.55,17717.35,17717.35,TP,2123.21,6369.64,132464.26,138833.9
2024-04-17 15:05:00,2024-04-17 16:05:00,SHORT,17668.8,17707.65,17552.26,17552.26,TP,2441.7,7325.09,138833.9,146158.99
2024-04-18 14:10:00,2024-04-18 16:45:00,LONG,17503.0,17469.14,17604.57,17469.14,SL,2807.95,-2807.95,146158.99,143351.04
2024-04-19 17:35:00,2024-04-19 17:45:00,SHORT,17122.95,17151.87,17036.2,17151.87,SL,2667.55,-2667.55,143351.04,140683.49
2024-04-22 13:45:00,2024-04-22 13:55:00,LONG,17194.8,17171.27,17265.4,17171.27,SL,2534.17,-2534.17,140683.48,138149.31
2024-04-23 16:00:00,2024-04-23 20:50:00,LONG,17455.2,17431.8,17525.39,17525.39,TP,2407.47,7222.4,138149.31,145371.71
2024-04-24 14:10:00,2024-04-24 15:45:00,SHORT,17591.3,17624.81,17490.77,17490.77,TP,2768.59,8305.76,145371.71,153677.47
2024-04-25 13:45:00,2024-04-25 14:05:00,SHORT,17231.4,17262.02,17139.54,17262.02,SL,3183.87,-3183.87,153677.46,150493.59
2024-04-25 14:45:00,2024-04-25 15:25:00,SHORT,17240.0,17273.86,17138.42,17273.86,SL,3024.68,-3024.68,150493.59,147468.91
2024-04-25 15:30:00,2024-04-25 15:55:00,SHORT,17248.75,17280.62,17153.13,17280.62,SL,2873.45,-2873.45,147468.92,144595.47
2024-04-26 13:30:00,2024-04-26 14:10:00,LONG,17609.8,17577.26,17707.42,17707.42,TP,2729.77,8189.32,144595.47,152784.79
2024-04-26 15:15:00,2024-04-29 13:30:00,LONG,17728.55,17698.03,17820.12,17820.12,TP,3139.24,9417.72,152784.79,162202.51
2024-05-01 13:30:00,2024-05-01 13:35:00,SHORT,17377.85,17396.94,17320.57,17396.94,SL,3500.0,-3500.0,162202.51,158702.51
2024-05-01 15:05:00,2024-05-01 15:40:00,SHORT,17346.85,17371.18,17273.85,17371.18,SL,3435.13,-3435.13,158702.51,155267.38
2024-05-01 15:45:00,2024-05-01 18:00:00,SHORT,17349.6,17371.83,17282.91,17371.83,SL,3263.37,-3263.37,155267.38,152004.01
2024-05-02 14:35:00,2024-05-02 14:55:00,SHORT,17390.6,17429.13,17275.01,17429.13,SL,3100.2,-3100.2,152004.01,148903.81
2024-05-02 15:40:00,2024-05-02 16:35:00,LONG,17419.6,17389.88,17508.75,17389.88,SL,2945.19,-2945.19,148903.81,145958.62
2024-05-02 16:50:00,2024-05-02 17:05:00,SHORT,17422.85,17444.54,17357.79,17444.54,SL,2797.93,-2797.93,145958.62,143160.69
2024-05-03 14:40:00,2024-05-03 14:50:00,LONG,17881.3,17836.14,18016.79,17836.14,SL,2658.03,-2658.03,143160.69,140502.66
2024-05-03 15:25:00,2024-05-05 22:00:00,LONG,17844.55,17811.5,17943.7,17943.7,TP,2525.13,7575.4,140502.65,148078.05
2024-05-06 15:05:00,2024-05-06 16:20:00,LONG,18002.35,17986.51,18049.86,17986.51,SL,2903.9,-2903.9,148078.05,145174.15
2024-05-06 16:35:00,2024-05-06 16:45:00,LONG,18013.35,18000.69,18051.34,18000.69,SL,2758.71,-2758.71,145174.15,142415.44
2024-05-06 16:55:00,2024-05-06 17:10:00,LONG,18021.45,18007.16,18064.31,18007.16,SL,2620.77,-2620.77,142415.44,139794.67
2024-05-06 17:20:00,2024-05-06 18:25:00,LONG,18015.95,18002.21,18057.17,18057.17,TP,2489.73,7469.2,139794.67,147263.87
2024-05-07 14:10:00,2024-05-07 14:20:00,LONG,18120.3,18101.15,18177.74,18101.15,SL,2863.19,-2863.19,147263.87,144400.68
2024-05-07 14:40:00,2024-05-07 15:15:00,LONG,18109.9,18092.59,18161.82,18161.82,TP,2720.03,8160.1,144400.68,152560.78
2024-05-07 17:20:00,2024-05-07 17:40:00,LONG,18160.0,18147.87,18196.39,18147.87,SL,3128.04,-3128.04,152560.78,149432.74
2024-05-08 15:10:00,2024-05-09 07:00:00,SHORT,18099.3,18117.66,18044.21,18044.21,TP,2971.64,8914.91,149432.74,158347.65
2024-05-09 14:20:00,2024-05-09 23:45:00,LONG,18069.95,18044.26,18147.03,18147.03,TP,3417.38,10252.15,158347.65,168599.8
2024-05-10 14:05:00,2024-05-10 14:30:00,SHORT,18200.75,18223.36,18132.91,18132.91,TP,3500.0,10500.0,168599.8,179099.8
2024-06-03 15:45:00,2024-06-03 16:10:00,SHORT,18584.2,18611.3,18502.89,18502.89,TP,3500.0,10500.0,179099.8,189599.8
2024-06-04 13:30:00,2024-06-04 13:35:00,SHORT,18573.85,18593.7,18514.29,18593.7,SL,3500.0,-3500.0,189599.8,186099.8
2024-06-04 13:50:00,2024-06-04 14:00:00,SHORT,18592.85,18615.68,18524.36,18615.68,SL,3500.0,-3500.0,186099.8,182599.8
2024-06-04 14:05:00,2024-06-04 14:30:00,SHORT,18574.35,18607.28,18475.57,18607.28,SL,3500.0,-3500.0,182599.8,179099.8
2024-06-04 14:55:00,2024-06-04 15:20:00,SHORT,18581.6,18612.99,18487.43,18612.99,SL,3500.0,-3500.0,179099.8,175599.8
2024-06-04 15:25:00,2024-06-04 16:40:00,SHORT,18581.35,18610.72,18493.24,18610.72,SL,3500.0,-3500.0,175599.8,172099.8
2024-06-04 17:10:00,2024-06-04 18:15:00,LONG,18604.6,18581.47,18673.98,18673.98,TP,3500.0,10500.0,172099.8,182599.8
2024-06-05 13:40:00,2024-06-05 14:00:00,LONG,18814.3,18799.15,18859.75,18799.15,SL,3500.0,-3500.0,182599.8,179099.8
2024-06-05 14:15:00,2024-06-05 14:30:00,LONG,18820.8,18795.41,18896.98,18896.98,TP,3500.0,10500.0,179099.8,189599.8
2024-06-05 17:25:00,2024-06-05 18:50:00,LONG,18976.1,18961.29,19020.54,19020.54,TP,3500.0,10500.0,189599.8,200099.8
2024-07-01 14:35:00,2024-07-01 15:10:00,SHORT,19688.4,19732.2,19557.01,19732.2,SL,3500.0,-3500.0,200099.8,196599.8
2024-07-01 17:15:00,2024-07-01 17:20:00,LONG,19803.65,19783.33,19864.62,19783.33,SL,3500.0,-3500.0,196599.8,193099.8
2024-07-01 17:40:00,2024-07-01 17:55:00,LONG,19802.4,19783.1,19860.29,19783.1,SL,3500.0,-3500.0,193099.8,189599.8
2024-07-02 14:25:00,2024-07-02 17:10:00,LONG,19853.4,19818.21,19958.97,19958.97,TP,3500.0,10500.0,189599.8,200099.8
2024-07-03 13:30:00,2024-07-03 13:35:00,LONG,20056.9,20039.75,20108.35,20039.75,SL,3500.0,-3500.0,200099.8,196599.8
2024-07-03 16:50:00,2024-07-04 14:10:00,LONG,20192.5,20172.89,20251.33,20172.89,SL,3500.0,-3500.0,196599.8,193099.8
2024-07-04 16:00:00,2024-07-04 16:40:00,SHORT,20177.8,20182.31,20164.27,20182.31,SL,3500.0,-3500.0,193099.8,189599.8
2024-07-04 16:45:00,2024-07-04 22:00:00,SHORT,20175.8,20181.13,20159.81,20181.13,SL,3500.0,-3500.0,189599.8,186099.8
2024-07-05 17:15:00,2024-07-08 12:35:00,LONG,20397.45,20382.68,20441.77,20441.77,TP,3500.0,10500.0,186099.8,196599.8
2024-07-08 13:55:00,2024-07-08 14:00:00,LONG,20438.55,20422.83,20485.7,20422.83,SL,3500.0,-3500.0,196599.8,193099.8
2024-07-08 14:05:00,2024-07-08 14:20:00,LONG,20435.05,20415.53,20493.6,20415.53,SL,3500.0,-3500.0,193099.8,189599.8
2024-07-08 15:00:00,2024-07-08 19:55:00,LONG,20423.55,20403.91,20482.46,20482.46,TP,3500.0,10500.0,189599.8,200099.8
2024-07-09 14:05:00,2024-07-09 14:10:00,SHORT,20539.8,20561.27,20475.38,20561.27,SL,3500.0,-3500.0,200099.8,196599.8
2024-07-09 14:20:00,2024-07-09 17:15:00,SHORT,20526.3,20552.36,20448.11,20448.11,TP,3500.0,10500.0,196599.8,207099.8
2024-07-10 13:40:00,2024-07-10 14:35:00,LONG,20565.65,20552.15,20606.16,20552.15,SL,3500.0,-3500.0,207099.8,203599.8
2024-07-10 15:25:00,2024-07-10 16:25:00,LONG,20563.9,20546.44,20616.27,20616.27,TP,3500.0,10500.0,203599.8,214099.8
2024-07-11 16:45:00,2024-07-11 19:00:00,SHORT,20262.4,20297.43,20157.3,20297.43,SL,3500.0,-3500.0,214099.8,210599.8
2024-07-12 16:50:00,2024-07-12 17:35:00,LONG,20429.2,20404.91,20502.06,20502.06,TP,3500.0,10500.0,210599.8,221099.8
2024-08-01 13:40:00,2024-08-01 14:05:00,LONG,19508.65,19470.89,19621.94,19470.89,SL,3500.0,-3500.0,221099.8,217599.8
2024-08-02 13:30:00,2024-08-02 13:35:00,SHORT,18429.5,18485.93,18260.2,18485.93,SL,3500.0,-3500.0,217599.8,214099.8
2024-08-02 13:50:00,2024-08-04 22:00:00,SHORT,18487.0,18569.01,18240.96,18240.96,TP,3500.0,10500.0,214099.8,224599.8
2024-08-05 14:55:00,2024-08-05 15:05:00,SHORT,17841.6,17966.23,17467.7,17966.23,SL,3500.0,-3500.0,224599.8,221099.8
2024-08-05 17:30:00,2024-08-05 17:55:00,LONG,18030.35,17973.73,18200.2,17973.73,SL,3500.0,-3500.0,221099.8,217599.8
2024-08-06 13:35:00,2024-08-06 13:50:00,SHORT,17983.35,18038.33,17818.4,18038.33,SL,3500.0,-3500.0,217599.8,214099.8
2024-08-06 15:45:00,2024-08-06 19:50:00,LONG,18208.6,18150.06,18384.21,18150.06,SL,3500.0,-3500.0,214099.8,210599.8
2024-08-07 14:40:00,2024-08-07 15:25:00,LONG,18404.2,18345.76,18579.51,18345.76,SL,3500.0,-3500.0,210599.8,207099.8
2024-08-08 13:55:00,2024-08-08 14:35:00,LONG,18113.55,18050.33,18303.22,18303.22,TP,3500.0,10500.0,207099.8,217599.8
2024-08-08 15:20:00,2024-08-08 18:05:00,LONG,18300.55,18249.36,18454.12,18454.12,TP,3500.0,10500.0,217599.8,228099.8
2024-08-09 13:45:00,2024-08-09 13:50:00,SHORT,18350.7,18392.95,18223.95,18392.95,SL,3500.0,-3500.0,228099.8,224599.8
2024-08-09 13:55:00,2024-08-09 14:00:00,SHORT,18337.95,18384.43,18198.5,18384.43,SL,3500.0,-3500.0,224599.8,221099.8
2024-08-09 14:30:00,2024-08-09 14:45:00,SHORT,18366.95,18419.01,18210.78,18419.01,SL,3500.0,-3500.0,221099.8,217599.8
2024-08-09 15:25:00,2024-08-09 17:05:00,SHORT,18415.7,18456.87,18292.18,18456.87,SL,3500.0,-3500.0,217599.8,214099.8
2024-08-12 13:35:00,2024-08-12 13:45:00,SHORT,18536.65,18560.22,18465.93,18465.93,TP,3500.0,10500.0,214099.8,224599.8
2024-08-12 14:05:00,2024-08-12 15:20:00,LONG,18551.65,18509.28,18678.75,18509.28,SL,3500.0,-3500.0,224599.8,221099.8
2024-08-12 15:50:00,2024-08-12 16:55:00,LONG,18604.9,18561.45,18735.24,18561.45,SL,3500.0,-3500.0,221099.8,217599.8
2024-08-12 17:25:00,2024-08-13 00:55:00,SHORT,18565.15,18597.97,18466.68,18597.97,SL,3500.0,-3500.0,217599.8,214099.8
2024-08-14 13:30:00,2024-08-14 13:55:00,SHORT,19023.3,19053.85,18931.66,18931.66,TP,3500.0,10500.0,214099.8,224599.8
2024-08-14 16:15:00,2024-08-14 16:40:00,SHORT,19033.8,19062.61,18947.36,18947.36,TP,3500.0,10500.0,224599.8,235099.8
2024-08-14 17:20:00,2024-08-14 18:55:00,SHORT,18992.05,19021.22,18904.55,19021.22,SL,3500.0,-3500.0,235099.8,231599.8
2024-08-15 17:30:00,2024-08-15 22:35:00,LONG,19469.05,19451.69,19521.13,19521.13,TP,3500.0,10500.0,231599.8,242099.8
2024-08-16 14:45:00,2024-08-16 14:50:00,SHORT,19420.65,19455.53,19316.02,19455.53,SL,3500.0,-3500.0,242099.8,238599.8
2024-08-19 13:50:00,2024-08-19 14:05:00,SHORT,19506.3,19532.7,19427.1,19532.7,SL,3500.0,-3500.0,238599.8,235099.8
2024-08-19 14:25:00,2024-08-19 18:05:00,LONG,19534.05,19494.16,19653.71,19653.71,TP,3500.0,10500.0,235099.8,245599.8
2024-09-02 14:30:00,2024-09-02 22:00:00,LONG,19602.55,19589.35,19642.14,19642.14,TP,3500.0,10500.0,245599.8,256099.8
2024-09-03 16:20:00,2024-09-03 18:00:00,SHORT,19136.2,19168.81,19038.37,19038.37,TP,3500.0,10500.0,256099.8,266599.8
2024-09-04 13:30:00,2024-09-04 13:35:00,LONG,18890.17,18869.15,18953.23,18869.15,SL,3500.0,-3500.0,266599.8,263099.8
2024-09-04 13:40:00,2024-09-04 14:00:00,LONG,18912.3,18879.63,19010.31,18879.63,SL,3500.0,-3500.0,263099.8,259599.8
2024-09-04 16:15:00,2024-09-04 18:20:00,LONG,18989.8,18953.55,19098.54,18953.55,SL,3500.0,-3500.0,259599.8,256099.8
2024-09-05 16:10:00,2024-09-05 16:25:00,SHORT,18862.15,18903.91,18736.88,18903.91,SL,3500.0,-3500.0,256099.8,252599.8
2024-09-05 17:10:00,2024-09-05 17:25:00,LONG,18901.4,18874.26,18982.82,18874.26,SL,3500.0,-3500.0,252599.8,249099.8
2024-09-05 17:35:00,2024-09-05 18:00:00,LONG,18911.65,18882.38,18999.47,18999.47,TP,3500.0,10500.0,249099.8,259599.8
2024-09-06 13:35:00,2024-09-06 13:45:00,SHORT,18788.0,18844.56,18618.32,18844.56,SL,3500.0,-3500.0,259599.8,256099.8
2024-09-06 17:35:00,2024-09-06 19:00:00,SHORT,18446.5,18479.4,18347.8,18479.4,SL,3500.0,-3500.0,256099.8,252599.8
2024-09-09 14:20:00,2024-09-09 14:55:00,SHORT,18619.5,18654.26,18515.23,18515.23,TP,3500.0,10500.0,252599.8,263099.8
2024-09-09 15:25:00,2024-09-09 16:25:00,LONG,18551.75,18516.49,18657.54,18657.54,TP,3500.0,10500.0,263099.8,273599.8
2024-10-01 16:35:00,2024-10-01 16:50:00,SHORT,19717.35,19760.06,19589.23,19760.06,SL,3500.0,-3500.0,273599.8,270099.8
2024-10-01 17:35:00,2024-10-01 17:40:00,SHORT,19703.85,19744.53,19581.82,19744.53,SL,3500.0,-3500.0,270099.8,266599.8
2024-10-02 14:00:00,2024-10-02 15:15:00,LONG,19762.45,19717.14,19898.38,19898.38,TP,3500.0,10500.0,266599.8,277099.8
2024-10-02 16:20:00,2024-10-02 16:35:00,LONG,19879.45,19850.33,19966.81,19850.33,SL,3500.0,-3500.0,277099.8,273599.8
2024-10-02 17:45:00,2024-10-02 18:25:00,LONG,19834.7,19804.7,19924.7,19804.7,SL,3500.0,-3500.0,273599.8,270099.8
2024-10-03 13:30:00,2024-10-03 14:00:00,LONG,19786.7,19759.67,19867.78,19867.78,TP,3500.0,10500.0,270099.8,280599.8
2024-10-03 14:20:00,2024-10-03 14:30:00,SHORT,19781.0,19836.86,19613.42,19836.86,SL,3500.0,-3500.0,280599.8,277099.8
2024-10-03 14:35:00,2024-10-03 15:40:00,SHORT,19796.35,19852.81,19626.96,19852.81,SL,3500.0,-3500.0,277099.8,273599.8
2024-10-03 16:30:00,2024-10-03 16:50:00,SHORT,19822.0,19850.87,19735.4,19735.4,TP,3500.0,10500.0,273599.8,284099.8
2024-10-03 17:35:00,2024-10-03 19:55:00,SHORT,19759.0,19794.0,19654.01,19794.0,SL,3500.0,-3500.0,284099.8,280599.8
2024-10-04 14:50:00,2024-10-04 15:20:00,LONG,19924.45,19878.66,20061.82,19878.66,SL,3500.0,-3500.0,280599.8,277099.8
2024-10-04 15:50:00,2024-10-04 19:50:00,LONG,19920.45,19881.1,20038.5,20038.5,TP,3500.0,10500.0,277099.8,287599.8
2024-10-07 13:40:00,2024-10-07 13:45:00,SHORT,19940.7,19964.01,19870.77,19964.01,SL,3500.0,-3500.0,287599.8,284099.8
2024-10-07 14:05:00,2024-10-07 14:15:00,SHORT,19950.45,19982.44,19854.47,19982.44,SL,3500.0,-3500.0,284099.8,280599.8
2024-10-07 15:00:00,2024-10-07 15:30:00,SHORT,19961.7,19990.44,19875.47,19990.44,SL,3500.0,-3500.0,280599.8,277099.8
2024-10-07 15:35:00,2024-10-07 18:30:00,SHORT,19970.45,19994.82,19897.35,19897.35,TP,3500.0,10500.0,277099.8,287599.8
2024-10-08 15:50:00,2024-10-08 16:00:00,LONG,20079.9,20059.75,20140.34,20059.75,SL,3500.0,-3500.0,287599.8,284099.8
2024-10-08 16:15:00,2024-10-08 17:00:00,LONG,20057.4,20036.04,20121.47,20036.04,SL,3500.0,-3500.0,284099.8,280599.8
2024-10-08 17:50:00,2024-10-08 18:55:00,LONG,20044.65,20026.6,20098.79,20098.79,TP,3500.0,10500.0,280599.8,291099.8
2024-10-09 14:00:00,2024-10-09 14:55:00,LONG,20109.95,20084.58,20186.07,20186.07,TP,3500.0,10500.0,291099.8,301599.8
2024-11-01 13:35:00,2024-11-01 14:10:00,LONG,20012.4,19984.1,20097.29,20097.29,TP,3500.0,10500.0,301599.8,312099.8
2024-11-01 14:55:00,2024-11-01 16:40:00,LONG,20129.15,20089.38,20248.46,20089.38,SL,3500.0,-3500.0,312099.8,308599.8
2024-11-01 17:20:00,2024-11-01 17:30:00,LONG,20134.4,20106.47,20218.2,20106.47,SL,3500.0,-3500.0,308599.8,305099.8
2024-11-04 13:50:00,2024-11-04 14:25:00,SHORT,20048.1,20064.92,19997.64,19997.64,TP,3500.0,10500.0,305099.8,315599.8
2024-11-04 14:50:00,2024-11-04 15:00:00,SHORT,20015.1,20052.14,19903.99,20052.14,SL,3500.0,-3500.0,315599.8,312099.8
2024-11-04 16:20:00,2024-11-04 16:45:00,SHORT,20077.35,20105.28,19993.56,19993.56,TP,3500.0,10500.0,312099.8,322599.8
2024-11-05 14:20:00,2024-11-05 14:30:00,LONG,20051.05,20038.17,20089.69,20089.69,TP,3500.0,10500.0,322599.8,333099.8
2024-12-02 13:50:00,2024-12-02 13:55:00,LONG,20992.3,20980.06,21029.02,20980.06,SL,3500.0,-3500.0,333099.8,329599.8
2024-12-02 16:05:00,2024-12-03 14:05:00,LONG,21160.5,21134.36,21238.92,21134.36,SL,3500.0,-3500.0,329599.8,326099.8
2024-12-03 15:25:00,2024-12-03 15:30:00,SHORT,21153.0,21176.65,21082.05,21176.65,SL,3500.0,-3500.0,326099.8,322599.8
2024-12-03 15:40:00,2024-12-03 16:00:00,SHORT,21165.0,21188.7,21093.9,21188.7,SL,3500.0,-3500.0,322599.8,319099.8
2024-12-03 16:40:00,2024-12-03 16:50:00,SHORT,21175.25,21198.89,21104.33,21198.89,SL,3500.0,-3500.0,319099.8,315599.8
2024-12-03 16:55:00,2024-12-03 17:50:00,SHORT,21181.75,21203.44,21116.69,21203.44,SL,3500.0,-3500.0,315599.8,312099.8
2024-12-04 14:50:00,2024-12-04 14:55:00,LONG,21410.1,21390.71,21468.26,21390.71,SL,3500.0,-3500.0,312099.8,308599.8
2024-12-04 15:05:00,2024-12-04 19:25:00,LONG,21414.1,21390.2,21485.8,21485.8,TP,3500.0,10500.0,308599.8,319099.8
2024-12-05 13:55:00,2024-12-05 14:45:00,LONG,21506.45,21497.43,21533.52,21497.43,SL,3500.0,-3500.0,319099.8,315599.8
2024-12-05 15:10:00,2024-12-05 16:20:00,SHORT,21501.7,21519.69,21447.73,21519.69,SL,3500.0,-3500.0,315599.8,312099.8
2024-12-06 13:30:00,2024-12-06 13:45:00,LONG,21493.55,21476.31,21545.28,21476.31,SL,3500.0,-3500.0,312099.8,308599.8
2024-12-06 14:30:00,2024-12-06 14:45:00,LONG,21504.8,21483.2,21569.61,21569.61,TP,3500.0,10500.0,308599.8,319099.8
2024-12-06 15:55:00,2024-12-06 16:10:00,LONG,21602.3,21579.02,21672.13,21579.02,SL,3500.0,-3500.0,319099.8,315599.8
2024-12-06 16:25:00,2024-12-09 07:35:00,LONG,21603.8,21579.83,21675.7,21675.7,TP,3500.0,10500.0,315599.8,326099.8
2024-12-09 13:30:00,2024-12-09 13:40:00,SHORT,21607.4,21616.85,21579.04,21616.85,SL,3500.0,-3500.0,326099.8,322599.8
2024-12-09 13:55:00,2024-12-09 14:20:00,SHORT,21611.75,21620.75,21584.76,21620.75,SL,3500.0,-3500.0,322599.8,319099.8
2024-12-09 14:25:00,2024-12-09 14:30:00,SHORT,21606.5,21616.41,21576.77,21616.41,SL,3500.0,-3500.0,319099.8,315599.8
2024-12-09 15:05:00,2024-12-09 15:25:00,SHORT,21611.5,21631.42,21551.74,21551.74,TP,3500.0,10500.0,315599.8,326099.8
2024-12-09 17:15:00,2024-12-09 17:40:00,SHORT,21484.45,21505.88,21420.17,21505.88,SL,3500.0,-3500.0,326099.8,322599.8
2024-12-09 17:55:00,2024-12-09 18:20:00,SHORT,21480.45,21498.2,21427.21,21498.2,SL,3500.0,-3500.0,322599.8,319099.8
2024-12-10 14:05:00,2024-12-10 14:30:00,LONG,21511.25,21502.04,21538.89,21502.04,SL,3500.0,-3500.0,319099.8,315599.8
2024-12-10 17:10:00,2024-12-10 17:20:00,SHORT,21449.6,21472.28,21381.56,21472.28,SL,3500.0,-3500.0,315599.8,312099.8
2024-12-10 17:50:00,2024-12-10 19:50:00,SHORT,21460.2,21481.18,21397.27,21397.27,TP,3500.0,10500.0,312099.8,322599.8
2024-12-11 16:00:00,2024-12-11 17:15:00,LONG,21706.2,21680.14,21784.38,21784.38,TP,3500.0,10500.0,322599.8,333099.8
2024-12-11 17:55:00,2024-12-11 21:05:00,LONG,21779.7,21764.85,21824.25,21764.85,SL,3500.0,-3500.0,333099.8,329599.8
2024-12-12 13:30:00,2024-12-12 13:45:00,SHORT,21687.95,21703.67,21640.8,21703.67,SL,3500.0,-3500.0,329599.8,326099.8
2024-12-12 14:10:00,2024-12-12 15:20:00,SHORT,21689.2,21708.07,21632.58,21708.07,SL,3500.0,-3500.0,326099.8,322599.8
2024-12-12 16:30:00,2024-12-12 17:55:00,SHORT,21718.45,21737.35,21661.74,21737.35,SL,3500.0,-3500.0,322599.8,319099.8
2024-12-13 14:35:00,2024-12-13 14:40:00,LONG,21848.0,21829.72,21902.84,21902.84,TP,3500.0,10500.0,319099.8,329599.8
2024-12-13 15:15:00,2024-12-13 15:40:00,SHORT,21841.5,21873.34,21745.99,21745.99,TP,3500.0,10500.0,329599.8,340099.8
2024-12-13 16:35:00,2024-12-13 18:30:00,SHORT,21732.9,21776.11,21603.28,21776.11,SL,3500.0,-3500.0,340099.8,336599.8
2024-12-16 14:30:00,2024-12-16 14:35:00,LONG,21982.2,21967.06,22027.62,21967.06,SL,3500.0,-3500.0,336599.8,333099.8
2024-12-16 16:45:00,2024-12-16 18:15:00,LONG,22089.05,22064.42,22162.93,22162.93,TP,3500.0,10500.0,333099.8,343599.8
2024-12-17 13:40:00,2024-12-17 13:45:00,SHORT,22104.05,22122.12,22049.84,22122.12,SL,3500.0,-3500.0,343599.8,340099.8
2024-12-17 14:25:00,2024-12-17 14:35:00,SHORT,22110.8,22126.76,22062.91,22062.91,TP,3500.0,10500.0,340099.8,350599.8
2024-12-17 14:45:00,2024-12-17 15:20:00,SHORT,22114.65,22144.63,22024.72,22024.72,TP,3500.0,10500.0,350599.8,361099.8
2024-12-17 16:50:00,2024-12-17 23:00:00,SHORT,22111.9,22139.05,22030.45,22030.45,TP,3500.0,10500.0,361099.8,371599.8
2025-01-02 13:35:00,2025-01-02 13:50:00,LONG,21269.45,21247.02,21336.73,21247.02,SL,3500.0,-3500.0,371599.8,368099.8
2025-01-02 14:50:00,2025-01-02 15:20:00,LONG,21203.2,21143.9,21381.11,21143.9,SL,3500.0,-3500.0,368099.8,364599.8
2025-01-02 17:20:00,2025-01-02 17:35:00,SHORT,21067.7,21118.58,20915.06,20915.06,TP,3500.0,10500.0,364599.8,375099.8
2025-01-03 14:05:00,2025-01-03 14:30:00,LONG,21077.35,21061.28,21125.55,21125.55,TP,3500.0,10500.0,375099.8,385599.8
2025-01-03 15:40:00,2025-01-03 19:10:00,LONG,21197.7,21143.72,21359.65,21359.65,TP,3500.0,10500.0,385599.8,396099.8
2025-01-06 13:45:00,2025-01-06 14:15:00,LONG,21561.15,21544.9,21609.91,21544.9,SL,3500.0,-3500.0,396099.8,392599.8
2025-01-06 14:25:00,2025-01-06 14:40:00,LONG,21561.4,21530.93,21652.82,21652.82,TP,3500.0,10500.0,392599.8,403099.8
2025-01-06 16:25:00,2025-01-06 16:40:00,LONG,21717.3,21689.97,21799.28,21689.97,SL,3500.0,-3500.0,403099.8,399599.8
2025-01-07 14:30:00,2025-01-07 14:45:00,SHORT,21580.65,21600.48,21521.15,21600.48,SL,3500.0,-3500.0,399599.8,396099.8
2025-01-07 16:30:00,2025-01-07 20:10:00,SHORT,21347.9,21397.68,21198.55,21198.55,TP,3500.0,10500.0,396099.8,406599.8
2025-01-08 14:15:00,2025-01-08 14:30:00,SHORT,21175.15,21205.72,21083.45,21205.72,SL,3500.0,-3500.0,406599.8,403099.8
2025-01-08 14:35:00,2025-01-08 14:40:00,SHORT,21136.05,21176.79,21013.84,21176.79,SL,3500.0,-3500.0,403099.8,399599.8
2025-01-08 14:50:00,2025-01-08 15:00:00,SHORT,21155.25,21209.19,20993.44,21209.19,SL,3500.0,-3500.0,399599.8,396099.8
2025-01-08 15:10:00,2025-01-08 15:20:00,SHORT,21077.9,21141.87,20885.98,21141.87,SL,3500.0,-3500.0,396099.8,392599.8
2025-01-08 16:00:00,2025-01-08 16:20:00,SHORT,21154.15,21203.06,21007.41,21203.06,SL,3500.0,-3500.0,392599.8,389099.8
2025-01-08 17:00:00,2025-01-08 17:20:00,SHORT,21182.05,21217.37,21076.08,21076.08,TP,3500.0,10500.0,389099.8,399599.8
2025-01-09 13:50:00,2025-01-09 14:05:00,SHORT,21151.95,21164.99,21112.83,21112.83,TP,3500.0,10500.0,399599.8,410099.8
2025-02-03 13:35:00,2025-02-03 14:05:00,SHORT,21096.4,21122.56,21017.93,21122.56,SL,3500.0,-3500.0,410099.8,406599.8
2025-02-03 14:45:00,2025-02-03 15:20:00,SHORT,21116.15,21162.66,20976.61,21162.66,SL,3500.0,-3500.0,406599.8,403099.8
2025-02-03 16:50:00,2025-02-03 16:55:00,LONG,21344.6,21290.9,21505.71,21290.9,SL,3500.0,-3500.0,403099.8,399599.8
2025-02-03 17:20:00,2025-02-03 17:25:00,LONG,21351.0,21305.64,21487.07,21305.64,SL,3500.0,-3500.0,399599.8,396099.8
2025-02-03 17:50:00,2025-02-03 17:55:00,LONG,21323.0,21281.71,21446.87,21281.71,SL,3500.0,-3500.0,396099.8,392599.8
2025-02-04 13:35:00,2025-02-04 14:35:00,SHORT,21353.05,21372.76,21293.93,21372.76,SL,3500.0,-3500.0,392599.8,389099.8
2025-02-04 16:25:00,2025-02-04 16:45:00,LONG,21588.75,21561.11,21671.68,21561.11,SL,3500.0,-3500.0,389099.8,385599.8
2025-02-04 17:55:00,2025-02-04 18:00:00,LONG,21529.5,21502.47,21610.58,21502.47,SL,3500.0,-3500.0,385599.8,382099.8
2025-02-05 15:10:00,2025-02-05 15:15:00,LONG,21467.95,21428.14,21587.39,21428.14,SL,3500.0,-3500.0,382099.8,378599.8
2025-02-05 15:20:00,2025-02-05 16:45:00,LONG,21459.45,21417.75,21584.54,21584.54,TP,3500.0,10500.0,378599.8,389099.8
2025-02-06 13:50:00,2025-02-06 14:30:00,LONG,21676.15,21661.62,21719.73,21661.62,SL,3500.0,-3500.0,389099.8,385599.8
2025-02-06 14:40:00,2025-02-06 15:00:00,LONG,21701.4,21681.71,21760.47,21681.71,SL,3500.0,-3500.0,385599.8,382099.8
2025-02-06 15:25:00,2025-02-06 15:35:00,SHORT,21704.4,21733.05,21618.45,21733.05,SL,3500.0,-3500.0,382099.8,378599.8
2025-02-06 16:30:00,2025-02-06 17:45:00,SHORT,21697.9,21721.08,21628.37,21721.08,SL,3500.0,-3500.0,378599.8,375099.8
2025-02-07 13:40:00,2025-02-07 13:45:00,LONG,21796.3,21768.08,21880.95,21768.08,SL,3500.0,-3500.0,375099.8,371599.8
2025-02-07 13:50:00,2025-02-07 14:30:00,LONG,21779.05,21750.9,21863.5,21863.5,TP,3500.0,10500.0,371599.8,382099.8
2025-02-07 15:00:00,2025-02-07 15:50:00,SHORT,21667.05,21716.69,21518.14,21716.69,SL,3500.0,-3500.0,382099.8,378599.8
2025-02-07 17:15:00,2025-02-07 17:45:00,SHORT,21532.15,21590.97,21355.68,21590.97,SL,3500.0,-3500.0,378599.8,375099.8
2025-02-10 14:35:00,2025-02-10 14:50:00,LONG,21694.7,21676.41,21749.56,21676.41,SL,3500.0,-3500.0,375099.8,371599.8
2025-02-10 16:55:00,2025-02-10 17:00:00,LONG,21790.2,21771.97,21844.9,21771.97,SL,3500.0,-3500.0,371599.8,368099.8
2025-02-10 17:35:00,2025-02-10 21:00:00,LONG,21768.7,21751.03,21821.72,21751.03,SL,3500.0,-3500.0,368099.8,364599.8
2025-02-12 15:10:00,2025-02-12 15:15:00,SHORT,21516.35,21557.46,21393.01,21557.46,SL,3500.0,-3500.0,364599.8,361099.8
2025-02-12 16:40:00,2025-02-12 19:45:00,LONG,21655.6,21622.04,21756.29,21756.29,TP,3500.0,10500.0,361099.8,371599.8
2025-02-13 14:40:00,2025-02-13 15:35:00,LONG,21813.6,21772.25,21937.64,21937.64,TP,3500.0,10500.0,371599.8,382099.8
2025-02-13 17:45:00,2025-02-13 17:50:00,LONG,21923.1,21903.46,21982.02,21903.46,SL,3500.0,-3500.0,382099.8,378599.8
2025-02-14 13:30:00,2025-02-14 13:35:00,LONG,22023.75,22011.45,22060.66,22011.45,SL,3500.0,-3500.0,378599.8,375099.8
2025-02-14 14:45:00,2025-02-14 15:00:00,LONG,22049.25,22029.62,22108.15,22029.62,SL,3500.0,-3500.0,375099.8,371599.8
2025-02-14 15:45:00,2025-02-14 16:20:00,LONG,22063.75,22041.52,22130.43,22041.52,SL,3500.0,-3500.0,371599.8,368099.8
2025-02-14 17:45:00,2025-02-14 18:35:00,LONG,22060.85,22042.8,22114.99,22114.99,TP,3500.0,10500.0,368099.8,378599.8
2025-02-17 13:50:00,2025-02-17 14:20:00,LONG,22186.3,22181.17,22201.7,22181.17,SL,3500.0,-3500.0,378599.8,375099.8
2025-02-17 16:50:00,2025-02-17 23:20:00,SHORT,22173.7,22180.68,22152.75,22152.75,TP,3500.0,10500.0,375099.8,385599.8
2025-02-18 14:25:00,2025-02-18 14:45:00,SHORT,22192.2,22205.89,22151.12,22151.12,TP,3500.0,10500.0,385599.8,396099.8
2025-02-18 16:55:00,2025-02-18 19:05:00,SHORT,22122.45,22147.13,22048.4,22048.4,TP,3500.0,10500.0,396099.8,406599.8
2025-02-19 14:10:00,2025-02-19 14:45:00,SHORT,22146.5,22159.94,22106.19,22106.19,TP,3500.0,10500.0,406599.8,417099.8
2025-02-19 15:55:00,2025-02-19 16:00:00,SHORT,22100.25,22126.38,22021.85,22126.38,SL,3500.0,-3500.0,417099.8,413599.8
2025-02-19 17:40:00,2025-02-19 18:05:00,LONG,22171.0,22154.75,22219.75,22154.75,SL,3500.0,-3500.0,413599.8,410099.8
2025-02-20 13:40:00,2025-02-20 13:50:00,LONG,22143.15,22132.72,22174.43,22132.72,SL,3500.0,-3500.0,410099.8,406599.8
2025-02-20 13:55:00,2025-02-20 14:30:00,LONG,22142.4,22131.76,22174.32,22131.76,SL,3500.0,-3500.0,406599.8,403099.8
2025-02-20 16:15:00,2025-02-20 16:30:00,SHORT,21968.55,22006.15,21855.76,22006.15,SL,3500.0,-3500.0,403099.8,399599.8
2025-02-20 16:45:00,2025-02-20 17:05:00,SHORT,21976.05,22008.87,21877.59,22008.87,SL,3500.0,-3500.0,399599.8,396099.8
2025-02-20 17:50:00,2025-02-20 19:10:00,SHORT,22005.3,22026.63,21941.3,22026.63,SL,3500.0,-3500.0,396099.8,392599.8
2025-02-21 14:00:00,2025-02-21 14:25:00,SHORT,22163.8,22175.97,22127.28,22127.28,TP,3500.0,10500.0,392599.8,403099.8
2025-02-21 16:25:00,2025-02-21 17:35:00,SHORT,21934.8,21971.42,21824.95,21824.95,TP,3500.0,10500.0,403099.8,413599.8
2025-02-24 14:05:00,2025-02-24 14:10:00,SHORT,21717.4,21731.2,21676.0,21731.2,SL,3500.0,-3500.0,413599.8,410099.8
2025-02-24 17:50:00,2025-02-24 18:15:00,SHORT,21562.4,21593.82,21468.14,21593.82,SL,3500.0,-3500.0,410099.8,406599.8
2025-02-25 13:40:00,2025-02-25 14:30:00,SHORT,21366.6,21386.45,21307.04,21307.04,TP,3500.0,10500.0,406599.8,417099.8
2025-02-26 14:45:00,2025-02-26 16:40:00,LONG,21229.8,21187.68,21356.16,21356.16,TP,3500.0,10500.0,417099.8,427599.8
2025-02-26 17:20:00,2025-02-26 17:50:00,SHORT,21324.55,21360.01,21218.16,21218.16,TP,3500.0,10500.0,427599.8,438099.8
2025-02-27 13:40:00,2025-02-27 13:45:00,LONG,21317.4,21296.63,21379.7,21296.63,SL,3500.0,-3500.0,438099.8,434599.8
2025-02-27 14:35:00,2025-02-27 14:40:00,SHORT,21264.4,21303.27,21147.79,21147.79,TP,3500.0,10500.0,434599.8,445099.8
2025-02-27 15:50:00,2025-02-27 16:10:00,SHORT,21000.3,21069.46,20792.82,21069.46,SL,3500.0,-3500.0,445099.8,441599.8
2025-02-27 16:25:00,2025-02-27 19:30:00,SHORT,21023.3,21083.48,20842.77,20842.77,TP,3500.0,10500.0,441599.8,452099.8
2025-03-03 13:50:00,2025-03-03 14:30:00,LONG,21030.8,21011.19,21089.64,21011.19,SL,3500.0,-3500.0,452099.8,448599.8
2025-03-03 14:35:00,2025-03-03 14:55:00,SHORT,20949.8,20993.06,20820.01,20820.01,TP,3500.0,10500.0,448599.8,459099.8
2025-03-03 15:55:00,2025-03-03 16:15:00,SHORT,20830.3,20903.39,20611.04,20903.39,SL,3500.0,-3500.0,459099.8,455599.8
2025-03-03 16:25:00,2025-03-03 17:15:00,SHORT,20859.05,20924.64,20662.28,20924.64,SL,3500.0,-3500.0,455599.8,452099.8
2025-03-03 17:45:00,2025-03-03 18:05:00,SHORT,20880.55,20920.2,20761.61,20761.61,TP,3500.0,10500.0,452099.8,462599.8
2025-03-04 14:30:00,2025-03-04 14:35:00,SHORT,20287.3,20333.77,20147.89,20333.77,SL,3500.0,-3500.0,462599.8,459099.8
2025-03-04 14:40:00,2025-03-04 14:45:00,SHORT,20311.05,20379.59,20105.44,20379.59,SL,3500.0,-3500.0,459099.8,455599.8
2025-03-04 15:50:00,2025-03-04 16:40:00,SHORT,20151.05,20230.55,19912.56,20230.55,SL,3500.0,-3500.0,455599.8,452099.8
2025-03-05 14:20:00,2025-03-05 14:35:00,SHORT,20401.05,20436.23,20295.51,20295.51,TP,3500.0,10500.0,452099.8,462599.8
2025-03-05 15:15:00,2025-03-05 17:20:00,SHORT,20354.05,20430.59,20124.42,20430.59,SL,3500.0,-3500.0,462599.8,459099.8
2025-03-06 13:40:00,2025-03-06 14:30:00,SHORT,20327.95,20359.19,20234.24,20234.24,TP,3500.0,10500.0,459099.8,469599.8
2025-03-06 16:15:00,2025-03-06 16:50:00,SHORT,20417.2,20470.0,20258.8,20258.8,TP,3500.0,10500.0,469599.8,480099.8
2025-03-07 13:55:00,2025-03-07 14:35:00,SHORT,20041.8,20095.51,19880.66,20095.51,SL,3500.0,-3500.0,480099.8,476599.8
2025-03-07 15:10:00,2025-03-07 15:40:00,SHORT,20090.1,20160.71,19878.27,19878.27,TP,3500.0,10500.0,476599.8,487099.8
2025-03-10 15:40:00,2025-03-10 15:45:00,SHORT,19593.75,19650.08,19424.75,19650.08,SL,3500.0,-3500.0,487099.8,483599.8
2025-03-10 15:55:00,2025-03-10 18:05:00,SHORT,19577.75,19632.09,19414.74,19414.74,TP,3500.0,10500.0,483599.8,494099.8
2025-03-11 13:35:00,2025-03-11 13:40:00,LONG,19530.75,19483.21,19673.36,19483.21,SL,3500.0,-3500.0,494099.8,490599.8
2025-03-11 14:00:00,2025-03-11 14:05:00,SHORT,19379.55,19465.52,19121.65,19465.52,SL,3500.0,-3500.0,490599.8,487099.8
2025-03-11 14:10:00,2025-03-11 15:40:00,SHORT,19435.55,19532.77,19143.88,19532.77,SL,3500.0,-3500.0,487099.8,483599.8
2025-03-11 15:55:00,2025-03-11 18:20:00,SHORT,19418.15,19493.34,19192.59,19493.34,SL,3500.0,-3500.0,483599.8,480099.8
2025-03-12 14:10:00,2025-03-12 15:00:00,SHORT,19633.1,19701.54,19427.77,19427.77,TP,3500.0,10500.0,480099.8,490599.8
2025-03-12 15:30:00,2025-03-12 16:30:00,LONG,19520.6,19461.19,19698.82,19698.82,TP,3500.0,10500.0,490599.8,501099.8
2025-04-01 13:35:00,2025-04-01 14:00:00,LONG,19220.55,19188.0,19318.19,19188.0,SL,3500.0,-3500.0,501099.8,497599.8
2025-04-01 14:35:00,2025-04-01 15:10:00,LONG,19246.3,19188.52,19419.64,19419.64,TP,3500.0,10500.0,497599.8,508099.8
2025-04-01 16:50:00,2025-04-01 17:05:00,LONG,19412.4,19369.01,19542.57,19369.01,SL,3500.0,-3500.0,508099.8,504599.8
2025-04-01 17:35:00,2025-04-01 17:55:00,LONG,19381.8,19346.42,19487.94,19346.42,SL,3500.0,-3500.0,504599.8,501099.8
2025-04-02 15:15:00,2025-04-02 16:25:00,LONG,19458.15,19414.57,19588.9,19588.9,TP,3500.0,10500.0,501099.8,511599.8
2025-04-03 14:00:00,2025-04-03 19:30:00,SHORT,18759.45,18831.42,18543.53,18543.53,TP,3500.0,10500.0,511599.8,522099.8
2025-04-04 14:00:00,2025-04-04 14:40:00,SHORT,18001.0,18105.4,17687.81,17687.81,TP,3500.0,10500.0,522099.8,532599.8
2025-04-04 15:25:00,2025-04-04 19:55:00,SHORT,17787.9,17921.17,17388.09,17388.09,TP,3500.0,10500.0,532599.8,543099.8
2025-04-07 13:50:00,2025-04-07 14:10:00,LONG,16985.85,16843.66,17412.41,17412.41,TP,3500.0,10500.0,543099.8,553599.8
2025-05-01 13:50:00,2025-05-01 14:25:00,SHORT,19846.65,19886.28,19727.77,19886.28,SL,3500.0,-3500.0,553599.8,550099.8
2025-05-01 17:00:00,2025-05-01 17:40:00,LONG,19902.4,19864.46,20016.22,19864.46,SL,3500.0,-3500.0,550099.8,546599.8
2025-05-02 14:00:00,2025-05-02 16:00:00,LONG,20011.6,19963.42,20156.13,20156.13,TP,3500.0,10500.0,546599.8,557099.8
2025-05-02 17:55:00,2025-05-02 18:50:00,LONG,20129.35,20107.93,20193.6,20107.93,SL,3500.0,-3500.0,557099.8,553599.8
2025-05-05 14:35:00,2025-05-05 20:05:00,LONG,19982.35,19939.43,20111.1,19939.43,SL,3500.0,-3500.0,553599.8,550099.8
2025-05-06 13:45:00,2025-05-06 14:10:00,SHORT,19712.65,19743.35,19620.56,19743.35,SL,3500.0,-3500.0,550099.8,546599.8
2025-05-06 15:40:00,2025-05-06 16:10:00,SHORT,19822.15,19852.32,19731.65,19852.32,SL,3500.0,-3500.0,546599.8,543099.8
2025-05-06 16:20:00,2025-05-06 18:55:00,SHORT,19818.65,19867.93,19670.81,19867.93,SL,3500.0,-3500.0,543099.8,539599.8
2025-05-07 13:45:00,2025-05-07 13:55:00,SHORT,19794.4,19830.52,19686.03,19830.52,SL,3500.0,-3500.0,539599.8,536099.8
2025-05-07 14:45:00,2025-05-07 14:55:00,SHORT,19838.65,19867.95,19750.75,19750.75,TP,3500.0,10500.0,536099.8,546599.8
2025-05-07 16:20:00,2025-05-07 16:40:00,SHORT,19737.75,19772.88,19632.35,19772.88,SL,3500.0,-3500.0,546599.8,543099.8
2025-05-07 17:35:00,2025-05-07 18:00:00,SHORT,19787.1,19811.52,19713.85,19713.85,TP,3500.0,10500.0,543099.8,553599.8
2025-05-08 14:35:00,2025-05-08 15:15:00,SHORT,19983.25,20024.23,19860.32,20024.23,SL,3500.0,-3500.0,553599.8,550099.8
2025-05-08 17:20:00,2025-05-08 17:30:00,LONG,20228.35,20205.74,20296.17,20205.74,SL,3500.0,-3500.0,550099.8,546599.8
2025-05-09 13:30:00,2025-05-09 13:40:00,LONG,20179.8,20161.37,20235.1,20161.37,SL,3500.0,-3500.0,546599.8,543099.8
2025-05-09 13:55:00,2025-05-09 14:15:00,LONG,20174.05,20148.01,20252.16,20148.01,SL,3500.0,-3500.0,543099.8,539599.8
2025-05-09 15:35:00,2025-05-09 15:55:00,SHORT,20051.55,20086.92,19945.44,20086.92,SL,3500.0,-3500.0,539599.8,536099.8
2025-05-09 16:00:00,2025-05-09 17:45:00,SHORT,20030.05,20066.16,19921.71,20066.16,SL,3500.0,-3500.0,536099.8,532599.8
2025-05-12 14:40:00,2025-05-12 18:40:00,LONG,20716.9,20669.93,20857.81,20857.81,TP,3500.0,10500.0,532599.8,543099.8
2025-05-13 16:10:00,2025-05-13 19:55:00,LONG,21212.9,21188.13,21287.2,21188.13,SL,3500.0,-3500.0,543099.8,539599.8
2025-05-14 13:30:00,2025-05-14 13:35:00,LONG,21321.3,21297.23,21393.5,21297.23,SL,3500.0,-3500.0,539599.8,536099.8
2025-05-14 14:10:00,2025-05-14 15:00:00,LONG,21266.05,21224.89,21389.53,21224.89,SL,3500.0,-3500.0,536099.8,532599.8
2025-05-14 15:10:00,2025-05-14 17:20:00,LONG,21274.55,21238.94,21381.39,21238.94,SL,3500.0,-3500.0,532599.8,529099.8
2025-05-14 17:50:00,2025-05-14 18:25:00,LONG,21290.3,21266.04,21363.07,21266.04,SL,3500.0,-3500.0,529099.8,525599.8
2025-05-15 13:35:00,2025-05-15 13:40:00,SHORT,21221.1,21248.45,21139.04,21248.45,SL,3500.0,-3500.0,525599.8,522099.8
2025-05-15 13:45:00,2025-05-15 13:50:00,SHORT,21195.85,21230.94,21090.59,21230.94,SL,3500.0,-3500.0,522099.8,518599.8
2025-05-15 14:50:00,2025-05-15 15:20:00,LONG,21247.1,21213.99,21346.42,21346.42,TP,3500.0,10500.0,518599.8,529099.8
2025-05-16 14:20:00,2025-05-16 14:40:00,SHORT,21364.2,21397.68,21263.76,21263.76,TP,3500.0,10500.0,529099.8,539599.8
2025-05-16 16:50:00,2025-05-16 19:05:00,LONG,21363.2,21343.17,21423.3,21423.3,TP,3500.0,10500.0,539599.8,550099.8
2025-05-19 14:50:00,2025-05-19 17:00:00,LONG,21337.45,21299.05,21452.66,21452.66,TP,3500.0,10500.0,550099.8,560599.8
2025-05-20 14:55:00,2025-05-20 15:55:00,SHORT,21350.5,21380.23,21261.31,21380.23,SL,3500.0,-3500.0,560599.8,557099.8
2025-05-20 16:25:00,2025-05-20 17:50:00,LONG,21372.75,21350.08,21440.77,21350.08,SL,3500.0,-3500.0,557099.8,553599.8
2025-05-21 13:30:00,2025-05-21 13:50:00,LONG,21262.45,21238.43,21334.5,21334.5,TP,3500.0,10500.0,553599.8,564099.8
2025-05-21 16:25:00,2025-05-21 17:00:00,LONG,21472.95,21451.21,21538.16,21451.21,SL,3500.0,-3500.0,564099.8,560599.8
2025-05-22 13:35:00,2025-05-22 13:55:00,LONG,21106.0,21062.95,21235.16,21235.16,TP,3500.0,10500.0,560599.8,571099.8
2025-05-22 15:20:00,2025-05-22 15:25:00,LONG,21211.75,21170.86,21334.42,21170.86,SL,3500.0,-3500.0,571099.8,567599.8
2025-05-22 15:30:00,2025-05-22 19:55:00,LONG,21188.25,21144.81,21318.56,21144.81,SL,3500.0,-3500.0,567599.8,564099.8
2025-05-23 14:50:00,2025-05-23 15:30:00,SHORT,20876.95,20923.91,20736.08,20923.91,SL,3500.0,-3500.0,564099.8,560599.8
2025-05-23 15:55:00,2025-05-23 16:00:00,SHORT,20888.2,20922.73,20784.6,20922.73,SL,3500.0,-3500.0,560599.8,557099.8
2025-05-23 16:30:00,2025-05-23 16:35:00,SHORT,20900.45,20932.23,20805.1,20932.23,SL,3500.0,-3500.0,557099.8,553599.8
2025-05-26 13:30:00,2025-05-26 13:50:00,LONG,21258.3,21242.83,21304.71,21242.83,SL,3500.0,-3500.0,553599.8,550099.8
2025-05-26 15:25:00,2025-05-26 16:45:00,LONG,21212.8,21200.22,21250.54,21250.54,TP,3500.0,10500.0,550099.8,560599.8
2025-05-27 13:50:00,2025-05-27 14:10:00,LONG,21236.4,21205.72,21328.45,21328.45,TP,3500.0,10500.0,560599.8,571099.8
2025-05-28 13:30:00,2025-05-28 13:45:00,LONG,21490.15,21473.67,21539.59,21473.67,SL,3500.0,-3500.0,571099.8,567599.8
2025-05-28 15:10:00,2025-05-28 15:15:00,SHORT,21404.9,21429.9,21329.91,21429.9,SL,3500.0,-3500.0,567599.8,564099.8
2025-05-28 15:30:00,2025-05-28 16:05:00,SHORT,21417.65,21439.88,21350.97,21439.88,SL,3500.0,-3500.0,564099.8,560599.8
2025-05-28 16:55:00,2025-05-28 18:50:00,LONG,21429.9,21414.69,21475.54,21414.69,SL,3500.0,-3500.0,560599.8,557099.8
2025-05-29 13:30:00,2025-05-29 13:45:00,SHORT,21574.65,21607.19,21477.04,21477.04,TP,3500.0,10500.0,557099.8,567599.8
2025-05-29 15:30:00,2025-05-29 16:00:00,SHORT,21409.15,21450.79,21284.22,21284.22,TP,3500.0,10500.0,567599.8,578099.8
2025-05-29 17:15:00,2025-05-29 18:20:00,SHORT,21397.4,21425.16,21314.11,21314.11,TP,3500.0,10500.0,578099.8,588599.8
2025-05-30 13:35:00,2025-05-30 14:10:00,SHORT,21284.15,21322.09,21170.32,21322.09,SL,3500.0,-3500.0,588599.8,585099.8
2025-05-30 15:10:00,2025-05-30 16:20:00,SHORT,21314.65,21346.16,21220.12,21220.12,TP,3500.0,10500.0,585099.8,595599.8
2025-06-02 14:20:00,2025-06-02 18:20:00,LONG,21325.7,21274.4,21479.59,21479.59,TP,3500.0,10500.0,595599.8,606099.8
2025-06-03 13:40:00,2025-06-03 14:55:00,LONG,21543.3,21514.76,21628.91,21628.91,TP,3500.0,10500.0,606099.8,616599.8
2025-06-04 14:25:00,2025-06-04 14:45:00,LONG,21725.8,21690.17,21832.68,21690.17,SL,3500.0,-3500.0,616599.8,613099.8
2025-06-04 14:50:00,2025-06-05 07:40:00,LONG,21716.3,21684.77,21810.9,21810.9,TP,3500.0,10500.0,613099.8,623599.8
2025-06-05 13:35:00,2025-06-05 13:40:00,SHORT,21733.4,21771.25,21619.86,21771.25,SL,3500.0,-3500.0,623599.8,620099.8
2025-06-05 14:20:00,2025-06-05 14:35:00,LONG,21759.65,21716.57,21888.9,21716.57,SL,3500.0,-3500.0,620099.8,616599.8
2025-06-05 16:05:00,2025-06-05 16:40:00,SHORT,21875.15,21901.8,21795.21,21795.21,TP,3500.0,10500.0,616599.8,627099.8
2025-06-05 17:55:00,2025-06-05 18:15:00,SHORT,21714.15,21741.4,21632.39,21632.39,TP,3500.0,10500.0,627099.8,637599.8
2025-06-06 14:40:00,2025-06-06 15:15:00,LONG,21811.6,21779.62,21907.53,21779.62,SL,3500.0,-3500.0,637599.8,634099.8
2025-06-06 15:45:00,2025-06-06 16:25:00,LONG,21798.35,21769.23,21885.7,21769.23,SL,3500.0,-3500.0,634099.8,630599.8
2025-06-06 17:15:00,2025-06-06 18:15:00,LONG,21769.1,21743.74,21845.17,21845.17,TP,3500.0,10500.0,630599.8,641099.8
2025-06-09 13:45:00,2025-06-09 14:30:00,LONG,21792.4,21771.34,21855.59,21855.59,TP,3500.0,10500.0,641099.8,651599.8
2025-06-09 15:50:00,2025-06-09 16:05:00,LONG,21831.15,21813.07,21885.39,21813.07,SL,3500.0,-3500.0,651599.8,648099.8
2025-06-09 16:20:00,2025-06-09 19:55:00,LONG,21827.65,21809.2,21883.0,21809.2,SL,3500.0,-3500.0,648099.8,644599.8
2025-06-10 13:35:00,2025-06-10 13:40:00,LONG,21874.15,21851.56,21941.92,21851.56,SL,3500.0,-3500.0,644599.8,641099.8
2025-06-10 13:45:00,2025-06-10 13:55:00,LONG,21865.65,21838.17,21948.1,21838.17,SL,3500.0,-3500.0,641099.8,637599.8
2025-06-10 14:05:00,2025-06-10 14:10:00,SHORT,21845.9,21870.7,21771.51,21870.7,SL,3500.0,-3500.0,637599.8,634099.8
2025-06-10 14:55:00,2025-06-10 15:05:00,SHORT,21846.9,21867.46,21785.22,21867.46,SL,3500.0,-3500.0,634099.8,630599.8
2025-06-10 15:10:00,2025-06-10 15:30:00,LONG,21863.4,21842.9,21924.89,21842.9,SL,3500.0,-3500.0,630599.8,627099.8
2025-06-10 15:50:00,2025-06-10 18:00:00,LONG,21861.65,21831.74,21951.38,21831.74,SL,3500.0,-3500.0,627099.8,623599.8
2025-06-11 14:10:00,2025-06-11 15:45:00,LONG,22006.4,21975.33,22099.61,21975.33,SL,3500.0,-3500.0,623599.8,620099.8
2025-06-11 16:45:00,2025-06-11 17:45:00,LONG,21972.15,21944.77,22054.28,21944.77,SL,3500.0,-3500.0,620099.8,616599.8
2025-06-12 16:05:00,2025-06-12 18:25:00,LONG,21928.1,21901.54,22007.78,21901.54,SL,3500.0,-3500.0,616599.8,613099.8
2025-06-13 14:50:00,2025-06-13 18:15:00,LONG,21740.55,21694.91,21877.48,21694.91,SL,3500.0,-3500.0,613099.8,609599.8
2025-06-16 13:30:00,2025-06-16 13:50:00,LONG,21855.35,21831.98,21925.46,21925.46,TP,3500.0,10500.0,609599.8,620099.8
2025-06-16 15:45:00,2025-06-16 15:50:00,LONG,21983.6,21964.6,22040.6,21964.6,SL,3500.0,-3500.0,620099.8,616599.8
2025-06-16 16:50:00,2025-06-16 16:55:00,LONG,21961.6,21942.35,22019.35,21942.35,SL,3500.0,-3500.0,616599.8,613099.8
2025-06-16 17:15:00,2025-06-16 18:45:00,LONG,21954.1,21935.08,22011.15,21935.08,SL,3500.0,-3500.0,613099.8,609599.8
2025-06-17 13:30:00,2025-06-17 13:40:00,LONG,21870.85,21849.07,21936.19,21849.07,SL,3500.0,-3500.0,609599.8,606099.8
2025-06-17 13:50:00,2025-06-17 16:55:00,LONG,21865.35,21833.66,21960.43,21833.66,SL,3500.0,-3500.0,606099.8,602599.8
2025-06-18 13:45:00,2025-06-18 14:25:00,LONG,21788.6,21763.65,21863.44,21863.44,TP,3500.0,10500.0,602599.8,613099.8
2025-06-18 15:50:00,2025-06-18 15:55:00,LONG,21860.35,21840.79,21919.04,21840.79,SL,3500.0,-3500.0,613099.8,609599.8
2025-06-18 16:05:00,2025-06-18 16:25:00,LONG,21845.1,21821.1,21917.1,21821.1,SL,3500.0,-3500.0,609599.8,606099.8
2025-06-18 17:45:00,2025-06-18 18:00:00,LONG,21800.35,21775.41,21875.17,21775.41,SL,3500.0,-3500.0,606099.8,602599.8
2025-06-19 13:30:00,2025-06-19 13:45:00,SHORT,21544.55,21562.43,21490.92,21490.92,TP,3500.0,10500.0,602599.8,613099.8
2025-06-19 15:05:00,2025-06-19 15:10:00,SHORT,21491.8,21516.35,21418.15,21516.35,SL,3500.0,-3500.0,613099.8,609599.8
2025-06-19 15:20:00,2025-06-19 16:30:00,SHORT,21500.05,21525.4,21424.01,21525.4,SL,3500.0,-3500.0,609599.8,606099.8
2025-06-19 16:55:00,2025-06-19 22:00:00,SHORT,21491.8,21510.11,21436.86,21510.11,SL,3500.0,-3500.0,606099.8,602599.8
2025-06-20 15:50:00,2025-06-20 16:50:00,SHORT,21647.55,21683.85,21538.64,21683.85,SL,3500.0,-3500.0,602599.8,599099.8
2025-06-20 17:00:00,2025-06-20 17:15:00,SHORT,21656.3,21684.53,21571.6,21684.53,SL,3500.0,-3500.0,599099.8,595599.8
2025-06-23 13:35:00,2025-06-23 14:05:00,LONG,21666.45,21628.11,21781.48,21781.48,TP,3500.0,10500.0,595599.8,606099.8
2025-06-23 15:00:00,2025-06-23 15:25:00,LONG,21784.45,21753.23,21878.11,21753.23,SL,3500.0,-3500.0,606099.8,602599.8
2025-06-23 17:00:00,2025-06-23 17:30:00,LONG,21689.7,21636.82,21848.35,21848.35,TP,3500.0,10500.0,602599.8,613099.8
2025-06-24 13:30:00,2025-06-24 14:05:00,LONG,22091.15,22069.84,22155.07,22069.84,SL,3500.0,-3500.0,613099.8,609599.8
2025-06-24 14:15:00,2025-06-24 16:25:00,LONG,22110.15,22083.61,22189.76,22189.76,TP,3500.0,10500.0,609599.8,620099.8
2025-06-24 17:30:00,2025-06-25 09:20:00,LONG,22195.4,22179.95,22241.76,22241.76,TP,3500.0,10500.0,620099.8,630599.8
2025-06-25 14:40:00,2025-06-25 14:50:00,LONG,22309.7,22287.06,22377.61,22287.06,SL,3500.0,-3500.0,630599.8,627099.8
2025-06-25 16:55:00,2025-06-25 17:05:00,LONG,22239.45,22222.84,22289.27,22222.84,SL,3500.0,-3500.0,627099.8,623599.8
2025-06-25 17:30:00,2025-06-25 19:05:00,SHORT,22225.7,22243.11,22173.48,22243.11,SL,3500.0,-3500.0,623599.8,620099.8
2025-06-26 13:55:00,2025-06-26 17:20:00,LONG,22344.45,22314.52,22434.23,22434.23,TP,3500.0,10500.0,620099.8,630599.8
2025-06-27 13:35:00,2025-06-27 14:00:00,LONG,22539.4,22519.25,22599.84,22599.84,TP,3500.0,10500.0,630599.8,641099.8
2025-06-27 15:20:00,2025-06-27 17:20:00,LONG,22590.65,22568.81,22656.17,22568.81,SL,3500.0,-3500.0,641099.8,637599.8
2025-06-30 14:30:00,2025-06-30 15:45:00,SHORT,22632.4,22655.63,22562.7,22655.63,SL,3500.0,-3500.0,637599.8,634099.8
2025-06-30 16:20:00,2025-06-30 16:35:00,SHORT,22641.4,22658.4,22590.4,22658.4,SL,3500.0,-3500.0,634099.8,630599.8
2025-06-30 16:55:00,2025-06-30 17:55:00,SHORT,22647.65,22662.5,22603.09,22603.09,TP,3500.0,10500.0,630599.8,641099.8
2025-07-01 13:40:00,2025-07-01 13:45:00,SHORT,22598.95,22618.24,22541.09,22618.24,SL,3500.0,-3500.0,641099.8,637599.8
2025-07-01 14:00:00,2025-07-01 14:10:00,SHORT,22610.2,22632.36,22543.73,22632.36,SL,3500.0,-3500.0,637599.8,634099.8
2025-07-01 14:20:00,2025-07-01 14:40:00,SHORT,22595.45,22623.46,22511.41,22511.41,TP,3500.0,10500.0,634099.8,644599.8
2025-07-02 15:30:00,2025-07-03 03:40:00,LONG,22624.7,22603.95,22686.94,22686.94,TP,3500.0,10500.0,644599.8,655099.8
2025-07-04 14:00:00,2025-07-04 14:30:00,SHORT,22731.75,22748.34,22681.98,22748.34,SL,3500.0,-3500.0,655099.8,651599.8
2025-07-04 15:10:00,2025-07-04 16:40:00,SHORT,22743.5,22752.73,22715.81,22715.81,TP,3500.0,10500.0,651599.8,662099.8
2025-07-07 14:00:00,2025-07-07 14:25:00,SHORT,22750.6,22779.63,22663.52,22779.63,SL,3500.0,-3500.0,662099.8,658599.8
2025-07-07 15:50:00,2025-07-07 15:55:00,SHORT,22730.1,22747.86,22676.82,22747.86,SL,3500.0,-3500.0,658599.8,655099.8
2025-07-07 16:15:00,2025-07-07 16:20:00,SHORT,22736.85,22759.99,22667.42,22667.42,TP,3500.0,10500.0,655099.8,665599.8
2025-07-07 17:20:00,2025-07-07 17:30:00,SHORT,22704.35,22731.14,22623.99,22731.14,SL,3500.0,-3500.0,665599.8,662099.8
2025-07-08 14:50:00,2025-07-08 15:00:00,SHORT,22685.15,22718.89,22583.93,22718.89,SL,3500.0,-3500.0,662099.8,658599.8
2025-07-08 15:15:00,2025-07-08 16:10:00,SHORT,22711.9,22740.7,22625.51,22740.7,SL,3500.0,-3500.0,658599.8,655099.8
2025-07-08 17:50:00,2025-07-08 18:30:00,LONG,22752.4,22730.6,22817.79,22730.6,SL,3500.0,-3500.0,655099.8,651599.8
2025-07-09 15:40:00,2025-07-09 15:50:00,LONG,22807.75,22782.16,22884.51,22782.16,SL,3500.0,-3500.0,651599.8,648099.8
2025-07-09 16:00:00,2025-07-09 18:55:00,LONG,22789.5,22764.94,22863.19,22863.19,TP,3500.0,10500.0,648099.8,658599.8
2025-07-10 13:30:00,2025-07-10 13:50:00,SHORT,22860.0,22880.01,22799.97,22799.97,TP,3500.0,10500.0,658599.8,669099.8
2025-07-10 15:15:00,2025-07-10 17:40:00,LONG,22790.0,22767.6,22857.21,22857.21,TP,3500.0,10500.0,669099.8,679599.8
2025-07-11 13:45:00,2025-07-13 22:00:00,LONG,22766.7,22734.5,22863.3,22734.5,SL,3500.0,-3500.0,679599.8,676099.8
2025-07-14 13:45:00,2025-07-14 16:50:00,LONG,22758.25,22720.74,22870.79,22870.79,TP,3500.0,10500.0,676099.8,686599.8
2025-07-15 14:30:00,2025-07-15 19:55:00,SHORT,23007.45,23035.84,22922.28,22922.28,TP,3500.0,10500.0,686599.8,697099.8
2025-07-16 13:30:00,2025-07-16 13:35:00,SHORT,22871.75,22891.05,22813.84,22891.05,SL,3500.0,-3500.0,697099.8,693599.8
2025-07-16 14:50:00,2025-07-16 14:55:00,SHORT,22823.25,22855.22,22727.35,22855.22,SL,3500.0,-3500.0,693599.8,690099.8
2025-07-16 15:15:00,2025-07-16 15:25:00,SHORT,22783.5,22825.83,22656.51,22825.83,SL,3500.0,-3500.0,690099.8,686599.8
2025-07-17 13:40:00,2025-07-17 14:55:00,LONG,22967.55,22942.87,23041.59,23041.59,TP,3500.0,10500.0,686599.8,697099.8
2025-07-17 17:10:00,2025-07-17 17:25:00,LONG,23102.8,23091.6,23136.41,23091.6,SL,3500.0,-3500.0,697099.8,693599.8
2025-07-18 13:40:00,2025-07-18 13:45:00,SHORT,23117.16,23137.53,23056.06,23137.53,SL,3500.0,-3500.0,693599.8,690099.8
2025-07-18 13:50:00,2025-07-18 14:00:00,SHORT,23111.16,23135.12,23039.29,23135.12,SL,3500.0,-3500.0,690099.8,686599.8
2025-07-18 16:10:00,2025-07-18 16:35:00,SHORT,23069.16,23084.87,23022.03,23022.03,TP,3500.0,10500.0,686599.8,697099.8
2025-07-18 17:50:00,2025-07-18 18:00:00,SHORT,23041.66,23059.05,22989.49,23059.05,SL,3500.0,-3500.0,697099.8,693599.8
2025-07-21 14:55:00,2025-07-21 15:05:00,LONG,23254.75,23238.59,23303.22,23238.59,SL,3500.0,-3500.0,693599.8,690099.8
2025-07-21 15:40:00,2025-07-21 15:55:00,LONG,23256.25,23244.25,23292.26,23244.25,SL,3500.0,-3500.0,690099.8,686599.8
2025-07-21 16:30:00,2025-07-21 19:05:00,LONG,23245.5,23231.15,23288.54,23231.15,SL,3500.0,-3500.0,686599.8,683099.8
2025-07-22 13:30:00,2025-07-22 13:35:00,SHORT,23149.55,23166.98,23097.25,23166.98,SL,3500.0,-3500.0,683099.8,679599.8
2025-07-22 15:55:00,2025-07-22 17:25:00,SHORT,23068.55,23089.38,23006.07,23089.38,SL,3500.0,-3500.0,679599.8,676099.8
2025-07-23 13:30:00,2025-07-23 14:05:00,SHORT,23082.65,23104.89,23015.94,23015.94,TP,3500.0,10500.0,676099.8,686599.8
2025-07-23 16:20:00,2025-07-23 17:30:00,SHORT,23075.75,23104.5,22989.49,23104.5,SL,3500.0,-3500.0,686599.8,683099.8
2025-07-24 13:35:00,2025-07-24 13:45:00,SHORT,23212.7,23233.83,23149.31,23233.83,SL,3500.0,-3500.0,683099.8,679599.8
2025-07-24 13:50:00,2025-07-24 14:55:00,SHORT,23216.95,23245.22,23132.15,23245.22,SL,3500.0,-3500.0,679599.8,676099.8
2025-07-24 16:00:00,2025-07-24 17:05:00,SHORT,23234.95,23250.59,23188.04,23250.59,SL,3500.0,-3500.0,676099.8,672599.8
2025-07-25 15:10:00,2025-07-25 16:10:00,LONG,23273.25,23258.75,23316.76,23316.76,TP,3500.0,10500.0,672599.8,683099.8
2025-07-25 17:30:00,2025-07-25 17:50:00,LONG,23320.5,23310.01,23351.97,23310.01,SL,3500.0,-3500.0,683099.8,679599.8
2025-07-28 13:45:00,2025-07-28 14:20:00,LONG,23380.0,23361.54,23435.39,23361.54,SL,3500.0,-3500.0,679599.8,676099.8
2025-07-28 14:40:00,2025-07-28 15:20:00,SHORT,23383.75,23402.44,23327.69,23327.69,TP,3500.0,10500.0,676099.8,686599.8
2025-07-28 16:05:00,2025-07-28 16:15:00,SHORT,23356.0,23369.65,23315.06,23369.65,SL,3500.0,-3500.0,686599.8,683099.8
2025-07-28 16:35:00,2025-07-28 18:05:00,SHORT,23366.0,23378.53,23328.41,23328.41,TP,3500.0,10500.0,683099.8,693599.8
2025-07-29 16:05:00,2025-07-29 17:00:00,SHORT,23365.92,23390.65,23291.73,23390.65,SL,3500.0,-3500.0,693599.8,690099.8
2025-07-29 17:35:00,2025-07-29 19:35:00,SHORT,23369.17,23386.17,23318.18,23318.18,TP,3500.0,10500.0,690099.8,700599.8
2025-07-30 13:45:00,2025-07-30 14:20:00,SHORT,23370.57,23392.01,23306.25,23392.01,SL,3500.0,-3500.0,700599.8,697099.8
2025-07-30 15:40:00,2025-07-30 18:30:00,LONG,23384.07,23364.73,23442.08,23442.08,TP,3500.0,10500.0,697099.8,707599.8
2025-08-01 15:00:00,2025-08-01 15:40:00,SHORT,22809.77,22857.27,22667.27,22857.27,SL,3500.0,-3500.0,707599.8,704099.8
2025-08-01 16:35:00,2025-08-01 16:55:00,SHORT,22874.77,22906.28,22780.23,22780.23,TP,3500.0,10500.0,704099.8,714599.8
2025-08-04 14:45:00,2025-08-04 14:50:00,LONG,23142.85,23114.76,23227.12,23114.76,SL,3500.0,-3500.0,714599.8,711099.8
2025-08-04 15:35:00,2025-08-04 19:15:00,LONG,23117.35,23094.17,23186.9,23186.9,TP,3500.0,10500.0,711099.8,721599.8
2025-08-05 13:40:00,2025-08-05 14:00:00,LONG,23253.84,23229.33,23327.36,23229.33,SL,3500.0,-3500.0,721599.8,718099.8
2025-08-05 16:40:00,2025-08-05 16:50:00,SHORT,23067.34,23093.82,22987.89,23093.82,SL,3500.0,-3500.0,718099.8,714599.8
2025-08-05 17:00:00,2025-08-05 17:25:00,SHORT,23076.09,23103.34,22994.35,23103.34,SL,3500.0,-3500.0,714599.8,711099.8
2025-08-06 13:30:00,2025-08-06 13:35:00,LONG,23121.79,23100.57,23185.46,23100.57,SL,3500.0,-3500.0,711099.8,707599.8
2025-08-06 13:40:00,2025-08-06 14:20:00,LONG,23104.54,23072.9,23199.47,23072.9,SL,3500.0,-3500.0,707599.8,704099.8
2025-08-06 14:35:00,2025-08-06 16:00:00,LONG,23148.04,23103.76,23280.88,23280.88,TP,3500.0,10500.0,704099.8,714599.8
2025-08-06 16:45:00,2025-08-06 19:30:00,LONG,23275.29,23252.25,23344.41,23344.41,TP,3500.0,10500.0,714599.8,725099.8
2025-08-07 13:30:00,2025-08-07 13:35:00,LONG,23521.44,23501.78,23580.41,23501.78,SL,3500.0,-3500.0,725099.8,721599.8
2025-08-07 13:50:00,2025-08-07 14:10:00,LONG,23522.69,23494.0,23608.77,23494.0,SL,3500.0,-3500.0,721599.8,718099.8
2025-08-08 15:05:00,2025-08-08 15:30:00,LONG,23577.99,23554.72,23647.81,23554.72,SL,3500.0,-3500.0,718099.8,714599.8
2025-08-08 15:50:00,2025-08-08 20:05:00,LONG,23571.74,23547.84,23643.44,23643.44,TP,3500.0,10500.0,714599.8,725099.8
2025-08-11 13:40:00,2025-08-11 13:50:00,LONG,23642.35,23621.12,23706.03,23621.12,SL,3500.0,-3500.0,725099.8,721599.8
2025-08-11 14:45:00,2025-08-11 15:50:00,SHORT,23642.35,23664.14,23576.98,23664.14,SL,3500.0,-3500.0,721599.8,718099.8
2025-08-12 13:40:00,2025-08-12 14:00:00,SHORT,23654.0,23691.65,23541.05,23541.05,TP,3500.0,10500.0,718099.8,728599.8
2025-08-12 14:15:00,2025-08-12 16:25:00,LONG,23652.75,23605.91,23793.26,23793.26,TP,3500.0,10500.0,728599.8,739099.8
2025-08-12 17:30:00,2025-08-12 19:50:00,LONG,23819.75,23805.78,23861.65,23861.65,TP,3500.0,10500.0,739099.8,749599.8
2025-08-13 15:50:00,2025-08-13 18:10:00,SHORT,23844.9,23870.75,23767.36,23870.75,SL,3500.0,-3500.0,749599.8,746099.8
2025-08-14 13:30:00,2025-08-14 14:45:00,LONG,23820.21,23790.9,23908.13,23908.13,TP,3500.0,10500.0,746099.8,756599.8
2025-08-14 15:55:00,2025-08-14 16:05:00,LONG,23848.71,23822.76,23926.56,23822.76,SL,3500.0,-3500.0,756599.8,753099.8
2025-08-14 16:30:00,2025-08-14 20:10:00,LONG,23825.31,23797.08,23909.99,23797.08,SL,3500.0,-3500.0,753099.8,749599.8
2025-08-15 13:30:00,2025-08-15 13:35:00,SHORT,23777.89,23799.3,23713.66,23799.3,SL,3500.0,-3500.0,749599.8,746099.8
2025-08-15 14:20:00,2025-08-15 15:40:00,SHORT,23775.89,23808.58,23677.82,23677.82,TP,3500.0,10500.0,746099.8,756599.8
2025-08-15 15:55:00,2025-08-15 16:55:00,SHORT,23709.64,23741.57,23613.84,23741.57,SL,3500.0,-3500.0,756599.8,753099.8
2025-08-15 17:15:00,2025-08-15 17:30:00,SHORT,23709.39,23728.9,23650.86,23728.9,SL,3500.0,-3500.0,753099.8,749599.8
2025-08-18 13:50:00,2025-08-18 14:00:00,SHORT,23685.3,23710.81,23608.77,23710.81,SL,3500.0,-3500.0,749599.8,746099.8
2025-08-18 14:05:00,2025-08-18 14:20:00,SHORT,23696.55,23723.93,23614.4,23723.93,SL,3500.0,-3500.0,746099.8,742599.8
2025-08-18 14:25:00,2025-08-18 19:05:00,SHORT,23705.3,23736.45,23611.84,23736.45,SL,3500.0,-3500.0,742599.8,739099.8
2025-08-19 13:30:00,2025-08-19 13:35:00,SHORT,23596.79,23620.89,23524.49,23620.89,SL,3500.0,-3500.0,739099.8,735599.8
2025-08-19 14:10:00,2025-08-19 14:35:00,SHORT,23636.89,23669.88,23537.91,23537.91,TP,3500.0,10500.0,735599.8,746099.8
2025-08-19 15:35:00,2025-08-19 16:45:00,SHORT,23497.64,23528.62,23404.7,23404.7,TP,3500.0,10500.0,746099.8,756599.8
2025-08-20 13:30:00,2025-08-20 13:35:00,SHORT,23307.25,23328.77,23242.68,23328.77,SL,3500.0,-3500.0,756599.8,753099.8
2025-08-20 16:55:00,2025-08-20 17:00:00,SHORT,23168.5,23199.9,23074.31,23199.9,SL,3500.0,-3500.0,753099.8,749599.8
2025-08-20 17:10:00,2025-08-20 17:30:00,SHORT,23173.75,23207.1,23073.69,23207.1,SL,3500.0,-3500.0,749599.8,746099.8
2025-08-21 13:50:00,2025-08-21 14:05:00,SHORT,23175.06,23217.35,23048.2,23217.35,SL,3500.0,-3500.0,746099.8,742599.8
2025-08-21 14:35:00,2025-08-21 15:00:00,SHORT,23192.06,23239.32,23050.29,23239.32,SL,3500.0,-3500.0,742599.8,739099.8
2025-08-21 15:05:00,2025-08-21 16:55:00,SHORT,23203.56,23240.22,23093.58,23093.58,TP,3500.0,10500.0,739099.8,749599.8
2025-08-22 13:35:00,2025-08-22 13:55:00,LONG,23213.06,23188.51,23286.71,23188.51,SL,3500.0,-3500.0,749599.8,746099.8
2025-08-22 14:00:00,2025-08-26 00:40:00,LONG,23419.46,23352.13,23621.45,23352.13,SL,3500.0,-3500.0,746099.8,742599.8
2025-08-26 13:50:00,2025-08-26 19:50:00,LONG,23448.53,23416.64,23544.19,23544.19,TP,3500.0,10500.0,742599.8,753099.8
2025-08-27 14:05:00,2025-08-27 18:10:00,LONG,23511.58,23485.66,23589.33,23589.33,TP,3500.0,10500.0,753099.8,763599.8
2025-08-28 14:10:00,2025-08-28 19:00:00,LONG,23621.68,23578.91,23749.98,23749.98,TP,3500.0,10500.0,763599.8,774099.8
2025-08-29 15:30:00,2025-08-29 19:45:00,SHORT,23419.03,23448.48,23330.68,23448.48,SL,3500.0,-3500.0,774099.8,770599.8
2025-09-01 13:35:00,2025-09-01 22:55:00,LONG,23441.85,23430.37,23476.29,23430.37,SL,3500.0,-3500.0,770599.8,767099.8
2025-09-02 14:40:00,2025-09-02 15:50:00,SHORT,23152.15,23198.57,23012.89,23012.89,TP,3500.0,10500.0,767099.8,777599.8
2025-09-02 16:25:00,2025-09-02 16:40:00,SHORT,23037.4,23060.86,22967.01,23060.86,SL,3500.0,-3500.0,777599.8,774099.8
2025-09-03 14:00:00,2025-09-03 14:10:00,LONG,23407.27,23370.98,23516.13,23370.98,SL,3500.0,-3500.0,774099.8,770599.8
2025-09-03 14:15:00,2025-09-03 16:40:00,LONG,23413.27,23371.24,23539.35,23371.24,SL,3500.0,-3500.0,770599.8,767099.8
2025-09-03 17:25:00,2025-09-03 17:45:00,SHORT,23396.67,23418.12,23332.33,23332.33,TP,3500.0,10500.0,767099.8,777599.8
2025-09-04 14:20:00,2025-09-04 17:50:00,LONG,23452.62,23416.74,23560.25,23560.25,TP,3500.0,10500.0,777599.8,788099.8
2025-09-05 13:40:00,2025-09-05 13:45:00,LONG,23847.0,23817.82,23934.55,23817.82,SL,3500.0,-3500.0,788099.8,784599.8
2025-09-05 16:25:00,2025-09-05 17:20:00,SHORT,23595.75,23632.83,23484.51,23632.83,SL,3500.0,-3500.0,784599.8,781099.8
2025-09-05 17:35:00,2025-09-05 18:20:00,SHORT,23600.25,23628.66,23515.01,23628.66,SL,3500.0,-3500.0,781099.8,777599.8
2025-09-08 14:20:00,2025-09-08 16:35:00,LONG,23805.85,23779.32,23885.45,23779.32,SL,3500.0,-3500.0,777599.8,774099.8
2025-09-08 17:20:00,2025-09-08 17:40:00,LONG,23797.85,23778.78,23855.07,23778.78,SL,3500.0,-3500.0,774099.8,770599.8
2025-09-09 13:45:00,2025-09-09 14:30:00,SHORT,23819.91,23839.46,23761.27,23761.27,TP,3500.0,10500.0,770599.8,781099.8
2025-09-09 15:30:00,2025-09-09 15:50:00,SHORT,23761.66,23784.34,23693.61,23784.34,SL,3500.0,-3500.0,781099.8,777599.8
2025-09-10 14:15:00,2025-09-10 15:15:00,LONG,23961.16,23930.02,24054.57,23930.02,SL,3500.0,-3500.0,777599.8,774099.8
2025-09-10 15:45:00,2025-09-10 16:00:00,LONG,23951.91,23931.82,24012.19,23931.82,SL,3500.0,-3500.0,774099.8,770599.8
2025-09-10 17:15:00,2025-09-10 18:15:00,SHORT,23907.91,23922.57,23863.94,23863.94,TP,3500.0,10500.0,770599.8,781099.8
2025-09-11 13:45:00,2025-09-11 15:15:00,LONG,23946.71,23916.44,24037.53,24037.53,TP,3500.0,10500.0,781099.8,791599.8
2025-09-11 15:50:00,2025-09-11 16:40:00,LONG,24022.21,24003.97,24076.92,24003.97,SL,3500.0,-3500.0,791599.8,788099.8
2025-09-11 17:10:00,2025-09-11 17:45:00,LONG,24021.21,24007.15,24063.4,24007.15,SL,3500.0,-3500.0,788099.8,784599.8
2025-09-11 17:50:00,2025-09-11 19:55:00,LONG,24020.96,24005.31,24067.91,24005.31,SL,3500.0,-3500.0,784599.8,781099.8
2025-09-12 13:55:00,2025-09-12 14:50:00,LONG,24044.46,24027.02,24096.78,24096.78,TP,3500.0,10500.0,781099.8,791599.8
2025-09-12 15:55:00,2025-09-12 16:00:00,LONG,24091.41,24077.29,24133.77,24077.29,SL,3500.0,-3500.0,791599.8,788099.8
2025-09-12 16:05:00,2025-09-12 18:30:00,LONG,24091.41,24076.18,24137.1,24137.1,TP,3500.0,10500.0,788099.8,798599.8
2025-09-15 15:10:00,2025-09-15 19:55:00,LONG,24270.0,24253.22,24320.35,24320.35,TP,3500.0,10500.0,798599.8,809099.8
2025-09-16 14:55:00,2025-09-16 19:05:00,SHORT,24315.87,24333.58,24262.73,24333.58,SL,3500.0,-3500.0,809099.8,805599.8
2025-09-17 13:30:00,2025-09-17 13:45:00,SHORT,24282.12,24295.29,24242.62,24242.62,TP,3500.0,10500.0,805599.8,816099.8
2025-09-17 16:30:00,2025-09-17 17:30:00,SHORT,24173.87,24188.74,24129.26,24188.74,SL,3500.0,-3500.0,816099.8,812599.8
2025-09-18 13:55:00,2025-09-18 15:20:00,LONG,24473.52,24435.87,24586.46,24586.46,TP,3500.0,10500.0,812599.8,823099.8
2025-09-18 16:25:00,2025-09-18 17:35:00,LONG,24548.42,24524.94,24618.87,24524.94,SL,3500.0,-3500.0,823099.8,819599.8
2025-09-19 14:20:00,2025-09-19 14:40:00,LONG,24562.12,24536.79,24638.11,24536.79,SL,3500.0,-3500.0,819599.8,816099.8
2025-09-19 15:45:00,2025-09-19 16:10:00,LONG,24530.12,24510.68,24588.43,24588.43,TP,3500.0,10500.0,816099.8,826599.8
2025-09-19 17:35:00,2025-09-19 18:25:00,LONG,24596.62,24584.48,24633.03,24584.48,SL,3500.0,-3500.0,826599.8,823099.8
2025-09-22 16:00:00,2025-09-22 16:15:00,LONG,24704.4,24690.87,24744.98,24744.98,TP,3500.0,10500.0,823099.8,833599.8
2025-09-22 17:35:00,2025-09-23 08:20:00,LONG,24773.65,24760.84,24812.09,24812.09,TP,3500.0,10500.0,833599.8,844099.8
2025-09-23 14:55:00,2025-09-23 15:10:00,SHORT,24731.38,24750.84,24673.0,24750.84,SL,3500.0,-3500.0,844099.8,840599.8
2025-09-23 15:35:00,2025-09-23 15:45:00,SHORT,24730.63,24747.22,24680.87,24747.22,SL,3500.0,-3500.0,840599.8,837099.8
2025-09-23 16:50:00,2025-09-23 17:25:00,SHORT,24725.38,24740.8,24679.13,24679.13,TP,3500.0,10500.0,837099.8,847599.8
2025-09-24 13:30:00,2025-09-24 13:50:00,SHORT,24630.28,24647.64,24578.19,24578.19,TP,3500.0,10500.0,847599.8,858099.8
2025-10-01 13:30:00,2025-10-01 13:45:00,LONG,24624.79,24599.45,24700.8,24599.45,SL,3500.0,-3500.0,858099.8,854599.8
2025-10-01 14:00:00,2025-10-01 17:00:00,LONG,24631.04,24586.54,24764.55,24764.55,TP,3500.0,10500.0,854599.8,865099.8
2025-10-02 14:40:00,2025-10-02 17:25:00,SHORT,24877.66,24907.13,24789.26,24907.13,SL,3500.0,-3500.0,865099.8,861599.8
2025-10-03 13:55:00,2025-10-03 15:20:00,SHORT,24919.21,24944.55,24843.18,24944.55,SL,3500.0,-3500.0,861599.8,858099.8
2025-10-03 16:35:00,2025-10-03 17:00:00,SHORT,24939.26,24953.52,24896.48,24896.48,TP,3500.0,10500.0,858099.8,868599.8
2025-10-06 14:45:00,2025-10-06 18:25:00,LONG,24974.45,24946.58,25058.06,25058.06,TP,3500.0,10500.0,868599.8,879099.8
2025-10-07 14:05:00,2025-10-07 14:25:00,LONG,25069.23,25045.98,25138.99,25045.98,SL,3500.0,-3500.0,879099.8,875599.8
2025-10-07 16:45:00,2025-10-07 19:45:00,SHORT,24853.28,24889.29,24745.24,24889.29,SL,3500.0,-3500.0,875599.8,872099.8
2025-10-08 15:00:00,2025-10-08 16:10:00,LONG,25028.93,25007.97,25091.8,25091.8,TP,3500.0,10500.0,872099.8,882599.8
2025-10-08 17:00:00,2025-10-08 17:10:00,LONG,25078.18,25066.49,25113.26,25066.49,SL,3500.0,-3500.0,882599.8,879099.8
2025-10-08 17:20:00,2025-10-08 18:10:00,LONG,25085.93,25074.71,25119.59,25119.59,TP,3500.0,10500.0,879099.8,889599.8
2025-10-09 13:30:00,2025-10-09 13:40:00,SHORT,25135.43,25150.37,25090.61,25090.61,TP,3500.0,10500.0,889599.8,900099.8
2025-10-09 15:20:00,2025-10-09 15:50:00,SHORT,25062.18,25086.49,24989.24,25086.49,SL,3500.0,-3500.0,900099.8,896599.8
2025-10-09 16:40:00,2025-10-09 17:15:00,SHORT,25067.43,25087.71,25006.59,25006.59,TP,3500.0,10500.0,896599.8,907099.8
2025-10-09 17:50:00,2025-10-09 18:25:00,SHORT,25032.43,25058.56,24954.03,25058.56,SL,3500.0,-3500.0,907099.8,903599.8
2025-10-10 14:10:00,2025-10-10 14:55:00,SHORT,25157.68,25188.28,25065.88,25065.88,TP,3500.0,10500.0,903599.8,914099.8
2025-10-10 17:50:00,2025-10-10 18:20:00,SHORT,24489.93,24542.45,24332.38,24542.45,SL,3500.0,-3500.0,914099.8,910599.8
2025-10-13 13:45:00,2025-10-13 14:50:00,LONG,24669.7,24622.49,24811.32,24622.49,SL,3500.0,-3500.0,910599.8,907099.8
2025-10-13 15:15:00,2025-10-14 00:25:00,LONG,24706.2,24661.93,24839.0,24839.0,TP,3500.0,10500.0,907099.8,917599.8
2025-10-14 13:30:00,2025-10-14 13:40:00,SHORT,24407.55,24441.84,24304.69,24304.69,TP,3500.0,10500.0,917599.8,928099.8
2025-10-14 15:30:00,2025-10-14 16:20:00,LONG,24568.8,24529.78,24685.86,24685.86,TP,3500.0,10500.0,928099.8,938599.8
2025-10-14 17:40:00,2025-10-14 18:00:00,LONG,24761.8,24732.92,24848.45,24732.92,SL,3500.0,-3500.0,938599.8,935099.8
2025-10-15 13:55:00,2025-10-15 15:35:00,LONG,24859.55,24814.99,24993.22,24814.99,SL,3500.0,-3500.0,935099.8,931599.8
2025-10-15 17:45:00,2025-10-16 06:50:00,LONG,24718.05,24667.57,24869.5,24869.5,TP,3500.0,10500.0,931599.8,942099.8
2025-10-16 13:30:00,2025-10-16 13:35:00,LONG,24937.35,24914.06,25007.23,24914.06,SL,3500.0,-3500.0,942099.8,938599.8
2025-10-16 13:40:00,2025-10-16 13:45:00,LONG,24940.6,24911.24,25028.68,24911.24,SL,3500.0,-3500.0,938599.8,935099.8
2025-10-16 14:15:00,2025-10-16 15:25:00,LONG,24918.85,24875.16,25049.93,24875.16,SL,3500.0,-3500.0,935099.8,931599.8
2025-10-16 17:00:00,2025-10-16 17:15:00,SHORT,24683.87,24753.04,24476.35,24753.04,SL,3500.0,-3500.0,931599.8,928099.8
2025-10-16 17:50:00,2025-10-16 18:15:00,SHORT,24662.12,24718.03,24494.38,24494.38,TP,3500.0,10500.0,928099.8,938599.8
2025-10-17 13:30:00,2025-10-17 13:35:00,LONG,24608.24,24566.54,24733.34,24566.54,SL,3500.0,-3500.0,938599.8,935099.8
2025-10-17 13:45:00,2025-10-17 14:15:00,LONG,24593.49,24534.92,24769.19,24769.19,TP,3500.0,10500.0,935099.8,945599.8
2025-11-03 13:30:00,2025-11-03 14:00:00,LONG,26076.15,26060.17,26124.08,26124.08,TP,3500.0,10500.0,945599.8,956099.8
2025-11-03 16:15:00,2025-11-03 16:25:00,LONG,26005.15,25970.52,26109.03,25970.52,SL,3500.0,-3500.0,956099.8,952599.8
2025-11-03 16:30:00,2025-11-04 00:15:00,LONG,25984.65,25949.04,26091.48,25949.04,SL,3500.0,-3500.0,952599.8,949099.8
2025-11-04 13:55:00,2025-11-04 14:15:00,SHORT,25627.22,25649.81,25559.46,25649.81,SL,3500.0,-3500.0,949099.8,945599.8
2025-11-04 14:30:00,2025-11-04 14:35:00,SHORT,25588.62,25622.71,25486.34,25622.71,SL,3500.0,-3500.0,945599.8,942099.8
2025-11-04 15:45:00,2025-11-04 16:55:00,SHORT,25742.22,25777.54,25636.27,25636.27,TP,3500.0,10500.0,942099.8,952599.8
2025-11-05 14:45:00,2025-11-05 16:30:00,LONG,25525.02,25479.8,25660.68,25660.68,TP,3500.0,10500.0,952599.8,963099.8
2025-11-07 14:00:00,2025-11-07 14:35:00,SHORT,25025.82,25057.59,24930.51,24930.51,TP,3500.0,10500.0,963099.8,973599.8
2025-11-07 17:45:00,2025-11-07 17:55:00,SHORT,24696.12,24742.15,24558.04,24742.15,SL,3500.0,-3500.0,973599.8,970099.8
2025-11-10 13:50:00,2025-11-10 14:15:00,LONG,25472.7,25457.23,25519.11,25457.23,SL,3500.0,-3500.0,970099.8,966599.8
2025-11-10 14:20:00,2025-11-10 14:30:00,LONG,25474.95,25459.34,25521.79,25459.34,SL,3500.0,-3500.0,966599.8,963099.8
2025-11-10 16:55:00,2025-11-10 17:50:00,LONG,25456.95,25419.61,25568.96,25568.96,TP,3500.0,10500.0,963099.8,973599.8
2025-11-11 13:40:00,2025-11-11 14:15:00,SHORT,25529.12,25547.34,25474.46,25547.34,SL,3500.0,-3500.0,973599.8,970099.8
2025-11-11 14:45:00,2025-11-11 14:55:00,SHORT,25518.87,25546.02,25437.41,25546.02,SL,3500.0,-3500.0,970099.8,966599.8
2025-11-11 15:00:00,2025-11-11 15:50:00,SHORT,25533.37,25566.31,25434.55,25434.55,TP,3500.0,10500.0,966599.8,977099.8
2025-11-11 16:25:00,2025-11-11 17:05:00,SHORT,25448.12,25490.04,25322.37,25490.04,SL,3500.0,-3500.0,977099.8,973599.8
2025-11-12 13:35:00,2025-11-12 14:05:00,LONG,25736.07,25723.2,25774.67,25723.2,SL,3500.0,-3500.0,973599.8,970099.8
2025-11-12 16:40:00,2025-11-12 17:35:00,SHORT,25489.57,25527.54,25375.67,25527.54,SL,3500.0,-3500.0,970099.8,966599.8
2025-11-13 15:25:00,2025-11-13 16:05:00,SHORT,25327.02,25389.15,25140.62,25140.62,TP,3500.0,10500.0,966599.8,977099.8
2025-11-13 17:05:00,2025-11-13 17:20:00,SHORT,25119.27,25170.27,24966.27,25170.27,SL,3500.0,-3500.0,977099.8,973599.8
2025-11-13 17:40:00,2025-11-13 18:30:00,SHORT,25133.02,25178.22,24997.43,24997.43,TP,3500.0,10500.0,973599.8,984099.8
2025-11-14 14:30:00,2025-11-14 14:35:00,SHORT,24588.92,24635.36,24449.6,24635.36,SL,3500.0,-3500.0,984099.8,980599.8
2025-11-14 17:35:00,2025-11-14 17:40:00,LONG,25220.17,25180.47,25339.27,25180.47,SL,3500.0,-3500.0,980599.8,977099.8
2025-11-17 15:05:00,2025-11-17 15:25:00,SHORT,25028.3,25095.01,24828.16,25095.01,SL,3500.0,-3500.0,977099.8,973599.8
2025-11-17 15:30:00,2025-11-17 16:50:00,SHORT,25036.55,25110.79,24813.82,25110.79,SL,3500.0,-3500.0,973599.8,970099.8
2025-11-17 17:35:00,2025-11-17 18:00:00,SHORT,25060.05,25101.76,24934.91,24934.91,TP,3500.0,10500.0,970099.8,980599.8
2025-11-18 13:40:00,2025-11-18 13:50:00,SHORT,24674.2,24708.81,24570.37,24708.81,SL,3500.0,-3500.0,980599.8,977099.8
2025-11-18 14:10:00,2025-11-18 14:30:00,SHORT,24685.95,24718.81,24587.37,24718.81,SL,3500.0,-3500.0,977099.8,973599.8
2025-11-18 14:40:00,2025-11-18 14:45:00,SHORT,24604.7,24665.28,24422.95,24665.28,SL,3500.0,-3500.0,973599.8,970099.8
2025-11-18 17:10:00,2025-11-18 17:40:00,SHORT,24542.95,24602.22,24365.15,24602.22,SL,3500.0,-3500.0,970099.8,966599.8
2025-11-19 14:35:00,2025-11-19 14:50:00,LONG,24631.05,24596.54,24734.57,24734.57,TP,3500.0,10500.0,966599.8,977099.8
2025-11-19 17:50:00,2025-11-19 19:40:00,LONG,24590.3,24526.01,24783.17,24526.01,SL,3500.0,-3500.0,977099.8,973599.8
2025-11-20 14:35:00,2025-11-20 14:40:00,LONG,25167.59,25126.39,25291.2,25126.39,SL,3500.0,-3500.0,973599.8,970099.8
2025-11-20 14:50:00,2025-11-20 15:05:00,LONG,25205.59,25152.3,25365.46,25152.3,SL,3500.0,-3500.0,970099.8,966599.8
2025-11-20 15:20:00,2025-11-20 15:55:00,LONG,25208.84,25147.54,25392.75,25147.54,SL,3500.0,-3500.0,966599.8,963099.8
2025-11-21 14:05:00,2025-11-21 14:15:00,LONG,24205.54,24159.58,24343.43,24159.58,SL,3500.0,-3500.0,963099.8,959599.8
2025-11-21 14:50:00,2025-11-21 14:55:00,LONG,24231.69,24153.29,24466.89,24153.29,SL,3500.0,-3500.0,959599.8,956099.8
2025-11-21 16:20:00,2025-11-21 18:45:00,LONG,24075.19,23973.75,24379.51,24379.51,TP,3500.0,10500.0,956099.8,966599.8
2025-11-24 14:05:00,2025-11-24 14:25:00,LONG,24498.95,24475.86,24568.21,24475.86,SL,3500.0,-3500.0,966599.8,963099.8
2025-11-24 14:30:00,2025-11-24 14:40:00,LONG,24638.95,24597.16,24764.33,24597.16,SL,3500.0,-3500.0,963099.8,959599.8
2025-11-24 17:15:00,2025-11-24 20:45:00,LONG,24830.95,24800.68,24921.76,24921.76,TP,3500.0,10500.0,959599.8,970099.8
2025-11-25 13:30:00,2025-11-25 14:40:00,SHORT,24865.56,24894.62,24778.39,24778.39,TP,3500.0,10500.0,970099.8,980599.8
2025-11-25 16:05:00,2025-11-25 16:20:00,SHORT,24744.26,24806.74,24556.83,24806.74,SL,3500.0,-3500.0,980599.8,977099.8
2025-11-26 14:15:00,2025-11-26 14:30:00,LONG,25166.11,25143.97,25232.54,25232.54,TP,3500.0,10500.0,977099.8,987599.8
2025-11-26 15:05:00,2025-11-26 15:15:00,LONG,25179.61,25130.85,25325.89,25130.85,SL,3500.0,-3500.0,987599.8,984099.8
2025-11-26 15:30:00,2025-11-26 16:40:00,LONG,25190.36,25142.22,25334.77,25334.77,TP,3500.0,10500.0,984099.8,994599.8
2025-11-26 17:20:00,2025-11-26 18:05:00,LONG,25311.61,25285.18,25390.89,25285.18,SL,3500.0,-3500.0,994599.8,991099.8
2025-11-27 13:55:00,2025-11-27 14:30:00,SHORT,25270.26,25278.42,25245.77,25278.42,SL,3500.0,-3500.0,991099.8,987599.8
2025-11-27 14:35:00,2025-11-27 15:10:00,SHORT,25264.51,25275.17,25232.52,25275.17,SL,3500.0,-3500.0,987599.8,984099.8
2025-11-27 15:30:00,2025-11-27 15:40:00,SHORT,25262.51,25270.77,25237.74,25270.77,SL,3500.0,-3500.0,984099.8,980599.8
2025-11-27 16:00:00,2025-11-27 16:05:00,SHORT,25258.76,25266.55,25235.38,25266.55,SL,3500.0,-3500.0,980599.8,977099.8
2025-11-27 16:45:00,2025-11-27 17:35:00,SHORT,25265.26,25271.49,25246.56,25271.49,SL,3500.0,-3500.0,977099.8,973599.8
2025-11-28 14:30:00,2025-11-28 14:35:00,LONG,25365.71,25347.0,25421.84,25347.0,SL,3500.0,-3500.0,973599.8,970099.8
2025-11-28 14:45:00,2025-11-28 15:05:00,LONG,25363.91,25334.24,25452.91,25334.24,SL,3500.0,-3500.0,970099.8,966599.8
2025-11-28 15:30:00,2025-11-28 17:55:00,LONG,25355.91,25328.26,25438.87,25438.87,TP,3500.0,10500.0,966599.8,977099.8
2025-12-01 14:30:00,2025-12-01 14:40:00,LONG,25286.9,25260.43,25366.32,25260.43,SL,3500.0,-3500.0,977099.8,973599.8
2025-12-01 14:45:00,2025-12-01 16:40:00,LONG,25286.4,25243.91,25413.88,25413.88,TP,3500.0,10500.0,973599.8,984099.8
2025-12-02 14:30:00,2025-12-02 14:35:00,LONG,25516.39,25495.59,25578.8,25578.8,TP,3500.0,10500.0,984099.8,994599.8
2025-12-02 15:40:00,2025-12-02 16:10:00,LONG,25611.89,25567.67,25744.55,25567.67,SL,3500.0,-3500.0,994599.8,991099.8
2025-12-02 17:10:00,2025-12-02 17:55:00,LONG,25540.39,25499.0,25664.56,25499.0,SL,3500.0,-3500.0,991099.8,987599.8
2025-12-03 13:35:00,2025-12-03 13:45:00,LONG,25657.39,25644.66,25695.58,25644.66,SL,3500.0,-3500.0,987599.8,984099.8
2025-12-03 16:10:00,2025-12-03 16:20:00,SHORT,25533.64,25574.73,25410.36,25574.73,SL,3500.0,-3500.0,984099.8,980599.8
2025-12-03 16:50:00,2025-12-03 17:15:00,SHORT,25560.89,25594.29,25460.69,25594.29,SL,3500.0,-3500.0,980599.8,977099.8
2025-12-04 14:30:00,2025-12-04 14:35:00,SHORT,25559.99,25600.56,25438.29,25600.56,SL,3500.0,-3500.0,977099.8,973599.8
2025-12-04 15:55:00,2025-12-04 16:45:00,SHORT,25563.74,25602.22,25448.3,25602.22,SL,3500.0,-3500.0,973599.8,970099.8
2025-12-04 17:20:00,2025-12-04 18:30:00,SHORT,25594.74,25624.28,25506.13,25624.28,SL,3500.0,-3500.0,970099.8,966599.8
2025-12-05 14:20:00,2025-12-05 14:30:00,LONG,25644.76,25626.26,25700.26,25700.26,TP,3500.0,10500.0,966599.8,977099.8
2025-12-05 16:50:00,2025-12-05 17:10:00,LONG,25731.26,25693.42,25844.79,25693.42,SL,3500.0,-3500.0,977099.8,973599.8
2025-12-05 17:50:00,2025-12-05 18:20:00,LONG,25730.76,25702.7,25814.94,25702.7,SL,3500.0,-3500.0,973599.8,970099.8
2025-12-08 13:40:00,2025-12-08 14:25:00,LONG,25806.5,25792.99,25847.02,25792.99,SL,3500.0,-3500.0,970099.8,966599.8
2025-12-08 14:35:00,2025-12-08 14:45:00,SHORT,25805.15,25829.2,25732.99,25732.99,TP,3500.0,10500.0,966599.8,977099.8
2025-12-09 14:40:00,2025-12-09 15:00:00,SHORT,25619.29,25652.66,25519.17,25652.66,SL,3500.0,-3500.0,977099.8,973599.8
2025-12-09 16:45:00,2025-12-10 00:00:00,LONG,25700.04,25677.05,25769.0,25677.05,SL,3500.0,-3500.0,973599.8,970099.8
2025-12-10 14:00:00,2025-12-10 14:30:00,SHORT,25669.39,25685.43,25621.28,25621.28,TP,3500.0,10500.0,970099.8,980599.8
2025-12-10 15:30:00,2025-12-10 16:20:00,SHORT,25618.64,25651.11,25521.22,25651.11,SL,3500.0,-3500.0,980599.8,977099.8
2025-12-10 17:15:00,2025-12-10 17:35:00,SHORT,25636.14,25656.1,25576.26,25656.1,SL,3500.0,-3500.0,977099.8,973599.8
2025-12-11 14:25:00,2025-12-11 14:30:00,SHORT,25661.49,25680.3,25605.07,25605.07,TP,3500.0,10500.0,973599.8,984099.8
2025-12-11 15:40:00,2025-12-11 17:20:00,SHORT,25558.24,25608.12,25408.6,25608.12,SL,3500.0,-3500.0,984099.8,980599.8
2025-12-12 14:20:00,2025-12-12 14:30:00,SHORT,25623.79,25641.21,25571.54,25571.54,TP,3500.0,10500.0,980599.8,991099.8
2025-12-12 14:40:00,2025-12-12 15:05:00,SHORT,25580.79,25615.74,25475.93,25475.93,TP,3500.0,10500.0,991099.8,1001599.8
2025-12-15 14:30:00,2025-12-15 14:35:00,SHORT,25347.95,25373.66,25270.83,25373.66,SL,3500.0,-3500.0,1001599.8,998099.8
2025-12-15 15:50:00,2025-12-15 16:15:00,SHORT,25168.3,25228.84,24986.68,25228.84,SL,3500.0,-3500.0,998099.8,994599.8
2025-12-15 16:35:00,2025-12-16 01:00:00,SHORT,25178.55,25231.38,25020.05,25020.05,TP,3500.0,10500.0,994599.8,1005099.8
2025-12-16 13:30:00,2025-12-16 13:35:00,LONG,25129.85,25097.88,25225.77,25097.88,SL,3500.0,-3500.0,1005099.8,1001599.8
2025-12-16 14:30:00,2025-12-16 14:40:00,LONG,25068.85,25024.76,25201.13,25024.76,SL,3500.0,-3500.0,1001599.8,998099.8
2025-12-16 14:45:00,2025-12-16 15:20:00,LONG,25103.35,25038.06,25299.22,25038.06,SL,3500.0,-3500.0,998099.8,994599.8
2025-12-16 15:50:00,2025-12-16 16:15:00,LONG,25093.6,25025.94,25296.59,25025.94,SL,3500.0,-3500.0,994599.8,991099.8
2025-12-16 16:45:00,2025-12-16 17:40:00,LONG,25085.1,25036.31,25231.47,25036.31,SL,3500.0,-3500.0,991099.8,987599.8
2025-12-17 13:55:00,2025-12-17 14:10:00,LONG,25251.0,25226.02,25325.94,25226.02,SL,3500.0,-3500.0,987599.8,984099.8
2025-12-17 17:35:00,2025-12-18 09:40:00,SHORT,24813.25,24863.75,24661.76,24863.75,SL,3500.0,-3500.0,984099.8,980599.8
2025-12-18 14:50:00,2025-12-18 15:10:00,LONG,25044.14,24991.88,25200.92,24991.88,SL,3500.0,-3500.0,980599.8,977099.8
2025-12-18 15:20:00,2025-12-18 17:10:00,LONG,25066.39,25008.12,25241.19,25008.12,SL,3500.0,-3500.0,977099.8,973599.8
2025-12-18 17:40:00,2025-12-18 19:00:00,LONG,25125.59,25079.99,25262.4,25079.99,SL,3500.0,-3500.0,973599.8,970099.8
2025-12-19 13:35:00,2025-12-19 13:40:00,LONG,25117.04,25097.81,25174.73,25097.81,SL,3500.0,-3500.0,970099.8,966599.8
2025-12-19 16:05:00,2025-12-21 23:00:00,LONG,25316.77,25278.55,25431.43,25431.43,TP,3500.0,10500.0,966599.8,977099.8
2025-12-22 13:45:00,2025-12-22 14:15:00,LONG,25539.45,25529.65,25568.85,25568.85,TP,3500.0,10500.0,977099.8,987599.8
2025-12-22 14:50:00,2025-12-22 15:00:00,LONG,25548.45,25514.97,25648.9,25514.97,SL,3500.0,-3500.0,987599.8,984099.8
2025-12-22 16:05:00,2025-12-23 06:15:00,LONG,25488.2,25463.31,25562.86,25463.31,SL,3500.0,-3500.0,984099.8,980599.8
2025-12-23 15:15:00,2025-12-23 18:20:00,LONG,25468.9,25433.47,25575.19,25575.19,TP,3500.0,10500.0,980599.8,991099.8
2025-12-24 13:35:00,2025-12-24 14:05:00,LONG,25622.85,25615.14,25645.98,25615.14,SL,3500.0,-3500.0,991099.8,987599.8
2025-12-24 14:30:00,2025-12-24 14:35:00,LONG,25621.1,25606.94,25663.59,25606.94,SL,3500.0,-3500.0,987599.8,984099.8
2025-12-24 15:00:00,2025-12-24 16:30:00,LONG,25617.35,25600.89,25666.74,25666.74,TP,3500.0,10500.0,984099.8,994599.8
2025-12-24 17:25:00,2025-12-24 18:10:00,LONG,25676.6,25666.0,25708.4,25666.0,SL,3500.0,-3500.0,994599.8,991099.8
2025-12-26 14:10:00,2025-12-26 14:25:00,LONG,25713.3,25704.1,25740.89,25704.1,SL,3500.0,-3500.0,991099.8,987599.8
2025-12-26 14:35:00,2025-12-26 14:50:00,LONG,25725.3,25708.56,25775.53,25708.56,SL,3500.0,-3500.0,987599.8,984099.8
2025-12-26 15:30:00,2025-12-26 16:10:00,LONG,25700.8,25676.46,25773.83,25676.46,SL,3500.0,-3500.0,984099.8,980599.8
2025-12-26 16:45:00,2025-12-26 18:55:00,SHORT,25684.8,25699.8,25639.79,25699.8,SL,3500.0,-3500.0,980599.8,977099.8
2025-12-29 15:00:00,2025-12-29 15:25:00,SHORT,25525.55,25563.55,25411.55,25563.55,SL,3500.0,-3500.0,977099.8,973599.8
2025-12-29 15:45:00,2025-12-29 19:45:00,SHORT,25525.3,25558.42,25425.95,25558.42,SL,3500.0,-3500.0,973599.8,970099.8
2025-12-30 13:30:00,2025-12-30 14:30:00,SHORT,25536.75,25548.41,25501.78,25548.41,SL,3500.0,-3500.0,970099.8,966599.8
2025-12-30 14:45:00,2025-12-30 15:10:00,LONG,25555.0,25529.47,25631.59,25529.47,SL,3500.0,-3500.0,966599.8,963099.8
2025-12-30 15:50:00,2025-12-30 17:15:00,LONG,25548.1,25525.35,25616.36,25525.35,SL,3500.0,-3500.0,963099.8,959599.8
2025-12-30 17:35:00,2025-12-30 17:45:00,LONG,25551.85,25538.87,25590.79,25538.87,SL,3500.0,-3500.0,959599.8,956099.8
2025-12-30 17:50:00,2025-12-30 18:00:00,LONG,25548.6,25535.65,25587.44,25535.65,SL,3500.0,-3500.0,956099.8,952599.8
2025-12-31 14:30:00,2025-12-31 14:35:00,SHORT,25486.97,25503.48,25437.44,25437.44,TP,3500.0,10500.0,952599.8,963099.8
2025-12-31 17:05:00,2025-12-31 17:15:00,SHORT,25394.12,25411.55,25341.83,25411.55,SL,3500.0,-3500.0,963099.8,959599.8
2025-12-31 17:20:00,2025-12-31 17:30:00,SHORT,25403.87,25419.88,25355.84,25419.88,SL,3500.0,-3500.0,959599.8,956099.8
2025-12-31 17:45:00,2025-12-31 18:10:00,SHORT,25407.12,25421.47,25364.06,25421.47,SL,3500.0,-3500.0,956099.8,952599.8
2026-01-02 14:00:00,2026-01-02 14:05:00,LONG,25533.32,25520.03,25573.18,25520.03,SL,3500.0,-3500.0,952599.8,949099.8
2026-01-02 14:40:00,2026-01-02 14:50:00,LONG,25517.82,25485.54,25614.65,25614.65,TP,3500.0,10500.0,949099.8,959599.8
2026-01-02 15:10:00,2026-01-02 15:50:00,SHORT,25434.12,25485.8,25279.08,25279.08,TP,3500.0,10500.0,959599.8,970099.8
2026-01-02 17:45:00,2026-01-02 19:10:00,SHORT,25161.97,25200.43,25046.58,25200.43,SL,3500.0,-3500.0,970099.8,966599.8
2026-01-05 13:30:00,2026-01-05 14:00:00,LONG,25392.55,25375.08,25444.96,25444.96,TP,3500.0,10500.0,966599.8,977099.8
2026-01-05 14:40:00,2026-01-05 14:45:00,LONG,25435.05,25397.19,25548.63,25397.19,SL,3500.0,-3500.0,977099.8,973599.8
2026-01-05 15:00:00,2026-01-05 18:15:00,LONG,25468.05,25419.56,25613.51,25419.56,SL,3500.0,-3500.0,973599.8,970099.8
2026-01-06 13:30:00,2026-01-06 13:45:00,LONG,25470.25,25458.79,25504.62,25458.79,SL,3500.0,-3500.0,970099.8,966599.8
2026-01-06 14:25:00,2026-01-06 14:40:00,LONG,25472.25,25457.54,25516.38,25457.54,SL,3500.0,-3500.0,966599.8,963099.8
2026-01-06 16:50:00,2026-01-06 17:35:00,LONG,25529.45,25501.7,25612.69,25612.69,TP,3500.0,10500.0,963099.8,973599.8
2026-01-07 14:15:00,2026-01-07 14:20:00,LONG,25620.1,25608.15,25655.95,25608.15,SL,3500.0,-3500.0,973599.8,970099.8
2026-01-07 14:25:00,2026-01-07 14:30:00,LONG,25630.6,25617.14,25670.98,25617.14,SL,3500.0,-3500.0,970099.8,966599.8
2026-01-08 14:15:00,2026-01-08 14:30:00,SHORT,25630.95,25645.66,25586.81,25586.81,TP,3500.0,10500.0,966599.8,977099.8
2026-01-08 15:30:00,2026-01-08 21:30:00,SHORT,25508.7,25550.0,25384.81,25550.0,SL,3500.0,-3500.0,977099.8,973599.8
2026-01-09 15:10:00,2026-01-09 18:35:00,LONG,25593.45,25527.72,25790.63,25790.63,TP,3500.0,10500.0,973599.8,984099.8
2026-01-12 13:40:00,2026-01-12 14:30:00,SHORT,25599.9,25615.98,25551.67,25615.98,SL,3500.0,-3500.0,984099.8,980599.8
2026-01-12 15:45:00,2026-01-12 18:05:00,LONG,25751.15,25719.19,25847.02,25847.02,TP,3500.0,10500.0,980599.8,991099.8
2026-01-13 14:30:00,2026-01-13 14:45:00,LONG,25843.56,25813.51,25933.72,25813.51,SL,3500.0,-3500.0,991099.8,987599.8
2026-01-13 17:25:00,2026-01-13 17:55:00,SHORT,25824.06,25852.25,25739.5,25739.5,TP,3500.0,10500.0,987599.8,998099.8
2026-01-14 13:30:00,2026-01-14 14:30:00,SHORT,25621.61,25644.22,25553.77,25644.22,SL,3500.0,-3500.0,998099.8,994599.8
2026-01-14 14:35:00,2026-01-14 15:00:00,SHORT,25553.61,25597.12,25423.07,25423.07,TP,3500.0,10500.0,994599.8,1005099.8
2026-01-14 16:35:00,2026-01-14 20:05:00,SHORT,25397.86,25441.15,25267.98,25441.15,SL,3500.0,-3500.0,1005099.8,1001599.8
2026-01-15 14:40:00,2026-01-15 14:45:00,LONG,25785.51,25751.61,25887.21,25751.61,SL,3500.0,-3500.0,1001599.8,998099.8
2026-01-15 14:50:00,2026-01-15 15:00:00,LONG,25763.26,25721.46,25888.65,25721.46,SL,3500.0,-3500.0,998099.8,994599.8
2026-01-15 15:20:00,2026-01-15 15:25:00,LONG,25756.36,25714.64,25881.53,25714.64,SL,3500.0,-3500.0,994599.8,991099.8
2026-01-15 15:30:00,2026-01-15 15:40:00,LONG,25765.26,25720.97,25898.14,25720.97,SL,3500.0,-3500.0,991099.8,987599.8
2026-01-15 15:55:00,2026-01-15 19:05:00,LONG,25740.01,25691.81,25884.6,25691.81,SL,3500.0,-3500.0,987599.8,984099.8
2026-01-16 13:45:00,2026-01-16 14:25:00,LONG,25690.31,25674.32,25738.29,25738.29,TP,3500.0,10500.0,984099.8,994599.8
2026-01-16 14:40:00,2026-01-16 14:55:00,SHORT,25684.06,25711.66,25601.27,25601.27,TP,3500.0,10500.0,994599.8,1005099.8
2026-01-16 17:05:00,2026-01-16 19:00:00,SHORT,25570.41,25596.08,25493.39,25596.08,SL,3500.0,-3500.0,1005099.8,1001599.8
2026-01-19 14:05:00,2026-01-19 14:30:00,SHORT,25184.7,25202.81,25130.38,25130.38,TP,3500.0,10500.0,1001599.8,1012099.8
2026-01-20 14:05:00,2026-01-20 14:15:00,LONG,25106.95,25079.02,25190.75,25079.02,SL,3500.0,-3500.0,1012099.8,1008599.8
2026-01-20 14:25:00,2026-01-20 14:30:00,LONG,25117.45,25087.69,25206.72,25206.72,TP,3500.0,10500.0,1008599.8,1019099.8
2026-01-20 15:20:00,2026-01-20 17:50:00,LONG,25196.2,25137.01,25373.78,25137.01,SL,3500.0,-3500.0,1019099.8,1015599.8
2026-01-21 17:50:00,2026-01-21 18:00:00,LONG,25115.42,25070.13,25251.29,25070.13,SL,3500.0,-3500.0,1015599.8,1012099.8
2026-01-22 13:45:00,2026-01-22 14:30:00,LONG,25604.52,25584.38,25664.93,25584.38,SL,3500.0,-3500.0,1012099.8,1008599.8
2026-01-22 15:30:00,2026-01-23 09:35:00,LONG,25502.02,25452.06,25651.91,25452.06,SL,3500.0,-3500.0,1008599.8,1005099.8
2026-01-23 14:25:00,2026-01-23 14:30:00,LONG,25487.82,25467.19,25549.71,25467.19,SL,3500.0,-3500.0,1005099.8,1001599.8
2026-01-23 14:40:00,2026-01-23 15:00:00,LONG,25490.37,25453.74,25600.25,25600.25,TP,3500.0,10500.0,1001599.8,1012099.8
2026-01-23 16:35:00,2026-01-23 16:55:00,LONG,25698.97,25665.21,25800.25,25665.21,SL,3500.0,-3500.0,1012099.8,1008599.8
2026-01-26 13:45:00,2026-01-26 14:25:00,LONG,25588.0,25572.23,25635.31,25635.31,TP,3500.0,10500.0,1008599.8,1019099.8
2026-01-26 16:20:00,2026-01-26 20:50:00,LONG,25783.25,25754.92,25868.25,25754.92,SL,3500.0,-3500.0,1019099.8,1015599.8
2026-01-27 14:50:00,2026-01-27 23:00:00,LONG,25930.06,25898.53,26024.66,26024.66,TP,3500.0,10500.0,1015599.8,1026099.8
2026-01-28 14:40:00,2026-01-28 14:45:00,LONG,26176.96,26149.75,26258.6,26149.75,SL,3500.0,-3500.0,1026099.8,1022599.8
2026-01-28 14:50:00,2026-01-28 14:55:00,LONG,26181.21,26147.73,26281.66,26147.73,SL,3500.0,-3500.0,1022599.8,1019099.8
2026-01-28 17:20:00,2026-01-28 17:50:00,SHORT,26017.46,26043.84,25938.31,26043.84,SL,3500.0,-3500.0,1019099.8,1015599.8
2026-01-29 14:00:00,2026-01-29 14:30:00,SHORT,26049.56,26067.93,25994.45,25994.45,TP,3500.0,10500.0,1015599.8,1026099.8
2026-01-29 17:50:00,2026-01-29 18:00:00,SHORT,25649.81,25693.14,25519.81,25693.14,SL,3500.0,-3500.0,1026099.8,1022599.8
