Trade,Risk ($),P/L ($),Balance Pre ($),Balance Post ($)
1,500.0,-500.0,100000.0,99500.0
2,475.0,1187.5,99500.0,100687.5
3,534.375,1335.9275000935663,100687.5,102023.42750009356
4,601.171375004678,-601.171375004678,102023.42750009356,101422.25612508888
5,571.1128062544442,-571.1128062544442,101422.25612508888,100851.14331883444
6,542.5571659417219,1356.38291490654,100851.14331883444,102207.52623374098
7,610.376311687049,1525.930779278049,102207.52623374098,103733.45701301903
8,686.6728506509513,1716.6971266896494,103733.45701301903,105450.15413970867
9,772.5077069854335,-772.5077069854335,105450.15413970867,104677.64643272324
10,733.8823216361619,1834.7158041220398,104677.64643272324,106512.36223684528
11,825.6181118422639,2064.0452796056597,106512.36223684528,108576.40751645094
12,928.820375822547,-928.820375822547,108576.40751645094,107647.5871406284
13,882.3793570314199,-882.3793570314199,107647.5871406284,106765.20778359698
14,838.2603891798492,-838.2603891798492,106765.20778359698,105926.94739441713
15,796.3473697208567,-796.3473697208567,105926.94739441713,105130.60002469628
16,756.530001234814,-756.530001234814,105130.60002469628,104374.07002346146
17,718.7035011730732,-718.7035011730732,104374.07002346146,103655.36652228839
18,682.7683261144193,1706.9158152983066,103655.36652228839,105362.28233758669
19,768.1141168793343,-768.1141168793343,105362.28233758669,104594.16822070735
20,729.7084110353674,-729.7084110353674,104594.16822070735,103864.45980967199
21,693.2229904835992,1733.0674762521369,103864.45980967199,105597.52728592412
22,779.8763642962061,1949.680910787134,105597.52728592412,107547.20819671126
23,877.360409835563,-877.360409835563,107547.20819671126,106669.8477868757
24,833.4923893437851,-833.4923893437851,106669.8477868757,105836.35539753192
25,791.8177698765961,-791.8177698765961,105836.35539753192,105044.53762765533
26,752.2268813827665,-752.2268813827665,105044.53762765533,104292.31074627256
27,714.615537313628,-714.615537313628,104292.31074627256,103577.69520895893
28,678.8847604479466,1697.1969012356342,103577.69520895893,105274.89211019456
29,763.744605509728,-763.744605509728,105274.89211019456,104511.14750468484
30,725.5573752342418,1813.8934380856049,104511.14750468484,106325.04094277044
31,816.2520471385221,2040.6351178588454,106325.04094277044,108365.6760606293
32,918.2838030314648,-918.2838030314648,108365.6760606293,107447.39225759784
33,872.3696128798917,-872.3696128798917,107447.39225759784,106575.02264471794
34,828.7511322358972,2071.882830596574,106575.02264471794,108646.90547531452
35,932.3452737657259,-932.3452737657259,108646.90547531452,107714.5602015488
36,885.7280100774399,-885.7280100774399,107714.5602015488,106828.83219147136
37,841.441609573568,2103.6140239530487,106828.83219147136,108932.44621542441
38,946.6223107712206,-946.6223107712206,108932.44621542441,107985.8239046532
39,899.2911952326598,2248.232988088295,107985.8239046532,110234.05689274149
40,1011.7028446370743,-1011.7028446370743,110234.05689274149,109222.35404810442
41,961.1177024052209,-961.1177024052209,109222.35404810442,108261.2363456992
42,913.0618172849602,-913.0618172849602,108261.2363456992,107348.17452841424
43,867.4087264207119,2168.516816059121,107348.17452841424,109516.69134447337
44,975.8345672236683,-975.8345672236683,109516.69134447337,108540.85677724969
45,927.0428388624845,2317.617097186834,108540.85677724969,110858.47387443652
46,1042.9236937218259,-1042.9236937218259,110858.47387443652,109815.5501807147
47,990.7775090357347,-990.7775090357347,109815.5501807147,108824.77267167896
48,941.2386335839481,-941.2386335839481,108824.77267167896,107883.53403809501
49,894.1767019047504,-894.1767019047504,107883.53403809501,106989.35733619025
50,849.4678668095127,2123.6646670363375,106989.35733619025,109113.0220032266
51,955.6511001613296,-955.6511001613296,109113.0220032266,108157.37090306527
52,907.8685451532634,2269.666362891171,108157.37090306527,110427.03726595645
53,1021.3518632978223,-1021.3518632978223,110427.03726595645,109405.68540265862
54,970.2842701329312,-970.2842701329312,109405.68540265862,108435.40113252569
55,921.7700566262844,-921.7700566262844,108435.40113252569,107513.63107589941
56,875.6815537949703,-875.6815537949703,107513.63107589941,106637.94952210443
57,831.8974761052217,-831.8974761052217,106637.94952210443,105806.05204599921
58,790.3026022999605,-790.3026022999605,105806.05204599921,105015.74944369926
59,750.7874721849628,1876.9636804792415,105015.74944369926,106892.7131241785
60,844.6356562089247,-844.6356562089247,106892.7131241785,106048.07746796958
61,802.4038733984787,-802.4038733984787,106048.07746796958,105245.6735945711
62,762.2836797285548,1905.7191993696597,105245.6735945711,107151.39279394076
63,857.5696396970379,-857.5696396970379,107151.39279394076,106293.82315424373
64,814.6911577121864,-814.6911577121864,106293.82315424373,105479.13199653153
65,773.9565998265767,-773.9565998265767,105479.13199653153,104705.17539670496
66,735.2587698352479,1838.1469245881199,104705.17539670496,106543.32232129308
67,827.1661160646538,2067.910290185112,106543.32232129308,108611.23261147819
68,930.5616305739095,-930.5616305739095,108611.23261147819,107680.67098090428
69,884.033549045214,2210.0988726732544,107680.67098090428,109890.76985357754
70,994.5384926788771,2486.3462316971927,109890.76985357754,112377.11608527473
71,1118.8558042637364,-1118.8558042637364,112377.11608527473,111258.260281011
72,1062.91301405055,-1062.91301405055,111258.260281011,110195.34726696045
73,1009.7673633480226,-1009.7673633480226,110195.34726696045,109185.57990361244
74,959.2789951806219,2398.1974879515546,109185.57990361244,111583.77739156398
75,1079.1888695781993,-1079.1888695781993,111583.77739156398,110504.58852198579
76,1025.2294260992894,-1025.2294260992894,110504.58852198579,109479.3590958865
77,973.9679547943248,2434.914886996311,109479.3590958865,111914.2739828828
78,1095.7136991441403,2739.2992479109907,111914.2739828828,114653.5732307938
79,1232.67866153969,-1232.67866153969,114653.5732307938,113420.89456925412
80,1171.0447284627057,2927.621821197143,113420.89456925412,116348.51639045126
81,1317.425819522563,3293.5495488540055,116348.51639045126,119642.06593930526
82,1482.103296965263,-1482.103296965263,119642.06593930526,118159.96264234
83,1407.9981321170003,-1407.9981321170003,118159.96264234,116751.964510223
84,1337.5982255111498,3343.995563777875,116751.964510223,120095.96007400088
85,1801.439401110013,-1801.439401110013,120095.96007400088,118294.52067289087
86,1414.7260336445433,3536.8150841113584,118294.52067289087,121831.33575700222
87,1827.4700363550332,-1827.4700363550332,121831.33575700222,120003.86572064718
88,1800.0579858097076,-1800.0579858097076,120003.86572064718,118203.80773483748
89,1410.190386741874,-1410.190386741874,118203.80773483748,116793.6173480956
90,1339.6808674047802,-1339.6808674047802,116793.6173480956,115453.93648069083
91,1272.6968240345414,3181.7469179674003,115453.93648069083,118635.68339865822
92,1431.784169932911,3579.465282718269,118635.68339865822,122215.1486813765
93,1833.2272302206472,4583.079133210979,122215.1486813765,126798.22781458747
94,1901.973417218812,-1901.973417218812,126798.22781458747,124896.25439736866
95,1873.4438159605297,-1873.4438159605297,124896.25439736866,123022.81058140812
96,1845.3421587211217,4613.34991538224,123022.81058140812,127636.16049679035
97,1914.5424074518553,-1914.5424074518553,127636.16049679035,125721.6180893385
98,1885.8242713400775,-1885.8242713400775,125721.6180893385,123835.79381799842
99,1857.5369072699762,-1857.5369072699762,123835.79381799842,121978.25691072844
100,1829.6738536609264,-1829.6738536609264,121978.25691072844,120148.5830570675
101,1802.2287458560124,-1802.2287458560124,120148.5830570675,118346.35431121149
102,1417.3177155605742,3543.2991252059064,118346.35431121149,121889.65343641739
103,1828.3448015462607,4570.867549513992,121889.65343641739,126460.52098593138
104,1896.9078147889707,-1896.9078147889707,126460.52098593138,124563.61317114241
105,1868.4541975671361,-1868.4541975671361,124563.61317114241,122695.15897357528
106,1840.4273846036292,-1840.4273846036292,122695.15897357528,120854.73158897166
107,1812.8209738345747,-1812.8209738345747,120854.73158897166,119041.91061513708
108,1452.095530756854,-1452.095530756854,119041.91061513708,117589.81508438023
109,1379.4907542190115,-1379.4907542190115,117589.81508438023,116210.32433016122
110,1310.5162165080612,-1310.5162165080612,116210.32433016122,114899.80811365317
111,1244.9904056826585,3112.4808208595905,114899.80811365317,118012.28893451276
112,1400.6144467256381,3501.526503547796,118012.28893451276,121513.81543806056
113,1822.7072315709083,-1822.7072315709083,121513.81543806056,119691.10820648965
114,1484.5554103244824,-1484.5554103244824,119691.10820648965,118206.55279616517
115,1410.3276398082585,3525.814332548965,118206.55279616517,121732.36712871413
116,1825.9855069307118,-1825.9855069307118,121732.36712871413,119906.38162178342
117,1495.3190810891713,3738.29297360384,119906.38162178342,123644.67459538726
118,1854.6701189308087,-1854.6701189308087,123644.67459538726,121790.00447645645
119,1826.8500671468466,4567.125167867116,121790.00447645645,126357.12964432356
120,1895.3569446648535,4738.377405166334,126357.12964432356,131095.50704948988
121,1966.4326057423482,-1966.4326057423482,131095.50704948988,129129.07444374754
122,1936.936116656213,-1936.936116656213,129129.07444374754,127192.13832709132
123,1907.8820749063698,-1907.8820749063698,127192.13832709132,125284.25625218495
124,1879.263843782774,-1879.263843782774,125284.25625218495,123404.99240840218
125,1851.0748861260327,-1851.0748861260327,123404.99240840218,121553.91752227614
126,1823.308762834142,-1823.308762834142,121553.91752227614,119730.608759442
127,1486.5304379720997,-1486.5304379720997,119730.608759442,118244.07832146989
128,1412.2039160734944,-1412.2039160734944,118244.07832146989,116831.87440539639
129,1341.5937202698194,-1341.5937202698194,116831.87440539639,115490.28068512656
130,1274.5140342563282,-1274.5140342563282,115490.28068512656,114215.76665087024
131,1210.7883325435118,-1210.7883325435118,114215.76665087024,113004.97831832673
132,1150.2489159163365,-1150.2489159163365,113004.97831832673,111854.72940241039
133,1092.7364701205195,-1092.7364701205195,111854.72940241039,110761.99293228987
134,1038.0996466144934,-1038.0996466144934,110761.99293228987,109723.89328567538
135,986.194664283769,-986.194664283769,109723.89328567538,108737.69862139161
136,936.8849310695805,-936.8849310695805,108737.69862139161,107800.81369032203
137,890.0406845161015,2225.1017112902537,107800.81369032203,110025.91540161228
138,1001.2957700806139,2503.234696978604,110025.91540161228,112529.15009859088
139,1126.457504929544,-1126.457504929544,112529.15009859088,111402.69259366134
140,1070.134629683067,-1070.134629683067,111402.69259366134,110332.55796397827
141,1016.6278981989133,-1016.6278981989133,110332.55796397827,109315.93006577935
142,965.7965032889675,-965.7965032889675,109315.93006577935,108350.13356249039
143,917.5066781245193,-917.5066781245193,108350.13356249039,107432.62688436586
144,871.6313442182931,-871.6313442182931,107432.62688436586,106560.99554014757
145,828.0497770073787,2070.1102579165454,106560.99554014757,108631.10579806412
146,931.555289903206,-931.555289903206,108631.10579806412,107699.55050816092
147,884.9775254080457,-884.9775254080457,107699.55050816092,106814.57298275287
148,840.7286491376435,-840.7286491376435,106814.57298275287,105973.84433361523
149,798.6922166807614,-798.6922166807614,105973.84433361523,105175.15211693446
150,758.7576058467232,-758.7576058467232,105175.15211693446,104416.39451108774
151,720.819725554387,-720.819725554387,104416.39451108774,103695.57478553335
152,684.7787392766674,-684.7787392766674,103695.57478553335,103010.79604625668
153,650.5398023128342,1626.354234023348,103010.79604625668,104637.15028028004
154,731.8575140140019,-731.8575140140019,104637.15028028004,103905.29276626604
155,695.2646383133018,-695.2646383133018,103905.29276626604,103210.02812795274
156,660.5014063976371,-660.5014063976371,103210.02812795274,102549.5267215551
157,627.4763360777549,-627.4763360777549,102549.5267215551,101922.05038547734
158,596.1025192738671,-596.1025192738671,101922.05038547734,101325.94786620347
159,566.2973933101733,-566.2973933101733,101325.94786620347,100759.65047289329
160,537.9825236446646,-537.9825236446646,100759.65047289329,100221.66794924863
161,511.08339746243144,1277.7084936560786,100221.66794924863,101499.3764429047
162,574.968822145235,-574.968822145235,101499.3764429047,100924.40762075946
163,546.2203810379731,-546.2203810379731,100924.40762075946,100378.18723972149
164,518.9093619860745,-518.9093619860745,100378.18723972149,99859.27787773541
165,492.9638938867705,-492.9638938867705,99859.27787773541,99366.31398384864
166,468.3156991924319,-468.3156991924319,99366.31398384864,98897.9982846562
167,444.89991423281026,-444.89991423281026,98897.9982846562,98453.0983704234
168,422.65491852116975,-422.65491852116975,98453.0983704234,98030.44345190222
169,401.5221725951109,-401.5221725951109,98030.44345190222,97628.9212793071
170,381.4460639653553,-381.4460639653553,97628.9212793071,97247.47521534175
171,362.3737607670875,-362.3737607670875,97247.47521534175,96885.10145457466
172,344.2550727287329,-344.2550727287329,96885.10145457466,96540.84638184593
173,327.0423190922964,817.6057977307412,96540.84638184593,97358.45217957666
174,367.9226089788332,919.8112506786221,97358.45217957666,98278.26343025529
175,413.9131715127645,-413.9131715127645,98278.26343025529,97864.35025874253
176,393.21751293712657,-393.21751293712657,97864.35025874253,97471.1327458054
177,373.55663729027003,933.8868650197505,97471.1327458054,98405.01961082515
178,420.2509805412577,1050.6227231631785,98405.01961082515,99455.64233398833
179,472.78211669941663,-472.78211669941663,99455.64233398833,98982.86021728892
180,449.1430108644461,-449.1430108644461,98982.86021728892,98533.71720642448
181,426.685860321224,-426.685860321224,98533.71720642448,98107.03134610326
182,405.3515673051632,-405.3515673051632,98107.03134610326,97701.6797787981
183,385.0839889399052,962.7099723497629,97701.6797787981,98664.38975114787
184,433.21948755739356,1083.048718893484,98664.38975114787,99747.43847004135
185,487.3719235020675,-487.3719235020675,99747.43847004135,99260.06654653928
186,463.00332732696404,-463.00332732696404,99260.06654653928,98797.06321921232
187,439.8531609606158,-439.8531609606158,98797.06321921232,98357.2100582517
188,417.86050291258505,-417.86050291258505,98357.2100582517,97939.34955533911
189,396.96747776695554,-396.96747776695554,97939.34955533911,97542.38207757215
190,377.1191038786077,-377.1191038786077,97542.38207757215,97165.26297369355
191,358.26314868467745,895.6484153650567,97165.26297369355,98060.9113890586
192,403.04556945293007,-403.04556945293007,98060.9113890586,97657.86581960568
193,382.89329098028395,957.2426839409786,97657.86581960568,98615.10850354665
194,430.75542517733265,-430.75542517733265,98615.10850354665,98184.35307836931
195,409.21765391846566,-409.21765391846566,98184.35307836931,97775.13542445085
196,388.75677122254274,-388.75677122254274,97775.13542445085,97386.37865322831
197,369.3189326614156,923.2926034633884,97386.37865322831,98309.6712566917
198,415.48356283458486,1038.6947225644362,98309.6712566917,99348.36597925614
199,467.4182989628069,-467.4182989628069,99348.36597925614,98880.94768029333
200,444.04738401466676,-444.04738401466676,98880.94768029333,98436.90029627866
201,421.84501481393306,-421.84501481393306,98436.90029627866,98015.05528146472
202,400.75276407323616,-400.75276407323616,98015.05528146472,97614.3025173915
203,380.7151258695747,951.7878146739367,97614.3025173915,98566.09033206543
204,428.3045166032716,-428.3045166032716,98566.09033206543,98137.78581546216
205,406.8892907731082,-406.8892907731082,98137.78581546216,97730.89652468906
206,386.5448262344529,966.3715221089386,97730.89652468906,98697.268046798
207,434.8634023398998,-434.8634023398998,98697.268046798,98262.40464445809
208,413.12023222290446,-413.12023222290446,98262.40464445809,97849.28441223518
209,392.46422061175906,981.1700080428334,97849.28441223518,98830.45442027801
210,441.5227210139004,1103.8068025347511,98830.45442027801,99934.26122281275
211,496.7130611406377,1241.792109369531,99934.26122281275,101176.05333218229
212,558.8026666091143,-558.8026666091143,101176.05333218229,100617.25066557317
213,530.8625332786585,-530.8625332786585,100617.25066557317,100086.38813229451
214,504.31940661472544,-504.31940661472544,100086.38813229451,99582.06872567978
215,479.10343628398914,1197.7585907099729,99582.06872567978,100779.82731638975
216,538.9913658194877,-538.9913658194877,100779.82731638975,100240.83595057027
217,512.0417975285134,-512.0417975285134,100240.83595057027,99728.79415304176
218,486.439707652088,-486.439707652088,99728.79415304176,99242.35444538968
219,462.1177222694838,1155.2943056737095,99242.35444538968,100397.64875106339
220,519.8824375531694,1299.715550417367,100397.64875106339,101697.36430148076
221,584.8682150740381,-584.8682150740381,101697.36430148076,101112.49608640673
222,555.6248043203362,-555.6248043203362,101112.49608640673,100556.87128208639
223,527.8435641043194,1319.6183667723917,100556.87128208639,101876.48964885878
224,593.8244824429391,1484.5517497011685,101876.48964885878,103361.04139855996
225,668.052069927998,-668.052069927998,103361.04139855996,102692.98932863196
226,634.6494664315978,1586.6189378633997,102692.98932863196,104279.60826649536
227,713.9804133247678,-713.9804133247678,104279.60826649536,103565.62785317059
228,678.2813926585295,1695.6987534310588,103565.62785317059,105261.32660660165
229,763.0663303300826,-763.0663303300826,105261.32660660165,104498.26027627157
230,724.9130138135785,1812.282534533946,104498.26027627157,106310.54281080552
231,815.527140540276,-815.527140540276,106310.54281080552,105495.01567026525
232,774.7507835132623,1936.8864152666963,105495.01567026525,107431.90208553194
233,871.595104276597,-871.595104276597,107431.90208553194,106560.30698125534
234,828.0153490627672,-828.0153490627672,106560.30698125534,105732.29163219257
235,786.6145816096287,-786.6145816096287,105732.29163219257,104945.67705058295
236,747.2838525291475,-747.2838525291475,104945.67705058295,104198.3931980538
237,709.9196599026902,1774.8086062739342,104198.3931980538,105973.20180432773
238,798.6600902163867,-798.6600902163867,105973.20180432773,105174.54171411134
239,758.7270857055671,1896.8082578353997,105174.54171411134,107071.34997194674
240,853.5674985973368,-853.5674985973368,107071.34997194674,106217.7824733494
241,810.8891236674702,-810.8891236674702,106217.7824733494,105406.89334968194
242,770.3446674840968,-770.3446674840968,105406.89334968194,104636.54868219784
243,731.827434109892,1829.5733135141058,104636.54868219784,106466.12199571195
244,823.3060997855973,2058.2605212436256,106466.12199571195,108524.38251695558
245,926.219125847779,2315.5383581931933,108524.38251695558,110839.92087514877
246,1041.9960437574387,-1041.9960437574387,110839.92087514877,109797.92483139134
247,989.8962415695671,-989.8962415695671,109797.92483139134,108808.02858982177
248,940.4014294910885,2351.0177584745084,108808.02858982177,111159.04634829628
249,1057.952317414814,-1057.952317414814,111159.04634829628,110101.09403088146
250,1005.054701544073,2512.6462103504778,110101.09403088146,112613.74024123194
251,1130.6870120615968,2826.708073719059,112613.74024123194,115440.44831495099
252,1272.0224157475495,3180.0465829374557,115440.44831495099,118620.49489788845
253,1431.0247448944224,-1431.0247448944224,118620.49489788845,117189.47015299402
254,1359.473507649701,-1359.473507649701,117189.47015299402,115829.99664534432
255,1291.4998322672159,-1291.4998322672159,115829.99664534432,114538.4968130771
256,1226.924840653855,-1226.924840653855,114538.4968130771,113311.57197242325
257,1165.5785986211624,-1165.5785986211624,113311.57197242325,112145.99337380209
258,1107.2996686901047,2768.2349870930993,112145.99337380209,114914.22836089518
259,1245.7114180447593,-1245.7114180447593,114914.22836089518,113668.51694285043
260,1183.4258471425214,2958.5598896376487,113668.51694285043,116627.07683248808
261,1331.353841624404,3328.384604061009,116627.07683248808,119955.46143654909
262,1497.7730718274543,-1497.7730718274543,119955.46143654909,118457.68836472163
263,1422.8844182360815,3557.2157738177157,118457.68836472163,122014.90413853935
264,1830.2235620780903,-1830.2235620780903,122014.90413853935,120184.68057646127
265,1802.770208646919,-1802.770208646919,120184.68057646127,118381.91036781434
266,1419.0955183907172,-1419.0955183907172,118381.91036781434,116962.81484942362
267,1348.140742471181,3370.3379226747957,116962.81484942362,120333.15277209842
268,1804.9972915814762,4512.493228953691,120333.15277209842,124845.64600105211
269,1872.6846900157816,-1872.6846900157816,124845.64600105211,122972.96131103633
270,1844.5944196655448,-1844.5944196655448,122972.96131103633,121128.36689137078
271,1816.9255033705617,-1816.9255033705617,121128.36689137078,119311.44138800022
272,1465.5720694000113,-1465.5720694000113,119311.44138800022,117845.86931860022
273,1392.293465930011,3480.738317870145,117845.86931860022,121326.60763647036
274,1819.8991145470554,4549.742380073666,121326.60763647036,125876.35001654403
275,1888.1452502481604,-1888.1452502481604,125876.35001654403,123988.20476629588
276,1859.8230714944382,-1859.8230714944382,123988.20476629588,122128.38169480144
277,1831.9257254220215,-1831.9257254220215,122128.38169480144,120296.45596937941
278,1804.4468395406911,4511.1337711869355,120296.45596937941,124807.58974056636
279,1872.1138461084952,-1872.1138461084952,124807.58974056636,122935.47589445786
280,1844.0321384168678,4610.0750320429115,122935.47589445786,127545.55092650077
281,1913.1832638975116,-1913.1832638975116,127545.55092650077,125632.36766260325
282,1884.4855149390487,-1884.4855149390487,125632.36766260325,123747.8821476642
283,1856.2182322149629,-1856.2182322149629,123747.8821476642,121891.66391544924
284,1828.3749587317386,-1828.3749587317386,121891.66391544924,120063.2889567175
285,1800.9493343507625,-1800.9493343507625,120063.2889567175,118262.33962236674
286,1413.1169811183368,-1413.1169811183368,118262.33962236674,116849.2226412484
287,1342.4611320624201,3356.162186198675,116849.2226412484,120205.38482744708
288,1803.0807724117062,4507.701931029265,120205.38482744708,124713.08675847635
289,1870.6963013771451,4676.740753442863,124713.08675847635,129389.82751191921
290,1940.847412678788,-1940.847412678788,129389.82751191921,127448.98009924042
291,1911.7347014886063,-1911.7347014886063,127448.98009924042,125537.24539775182
292,1883.0586809662773,-1883.0586809662773,125537.24539775182,123654.18671678554
293,1854.812800751783,4637.021412751675,123654.18671678554,128291.20812953722
294,1924.3681219430582,4810.915422087376,128291.20812953722,133102.1235516246
295,1996.5318532743688,-1996.5318532743688,133102.1235516246,131105.59169835024
296,1966.5838754752535,-1966.5838754752535,131105.59169835024,129139.00782287499
297,1937.0851173431247,4842.712793357812,129139.00782287499,133981.7206162328
298,2009.725809243492,-2009.725809243492,133981.7206162328,131971.99480698933
299,1979.5799221048399,4948.954434147616,131971.99480698933,136920.94924113696
300,2053.8142386170543,-2053.8142386170543,136920.94924113696,134867.1350025199
301,2023.0070250377985,-2023.0070250377985,134867.1350025199,132844.1279774821
302,1992.6619196622314,4981.645620780609,132844.1279774821,137825.77359826272
303,2067.3866039739405,-2067.3866039739405,137825.77359826272,135758.38699428877
304,2036.3758049143314,5090.952676863133,135758.38699428877,140849.3396711519
305,2816.986793423038,7042.4723794017855,140849.3396711519,147891.81205055368
306,2957.8362410110735,-2957.8362410110735,147891.81205055368,144933.9758095426
307,2898.679516190852,7246.703985634322,144933.9758095426,152180.67979517693
308,3043.6135959035387,-3043.6135959035387,152180.67979517693,149137.0661992734
309,2982.741323985468,-2982.741323985468,149137.0661992734,146154.32487528792
310,2923.0864975057584,-2923.0864975057584,146154.32487528792,143231.23837778217
311,2864.6247675556433,7161.572564569211,143231.23837778217,150392.81094235138
312,3007.856218847028,7519.65048308637,150392.81094235138,157912.46142543774
313,3158.2492285087546,7895.627708050809,157912.46142543774,165808.08913348854
314,3316.1617826697707,-3316.1617826697707,165808.08913348854,162491.92735081876
315,3249.8385470163753,-3249.8385470163753,162491.92735081876,159242.08880380238
316,3184.8417760760476,7962.0952919211195,159242.08880380238,167204.1840957235
317,3344.08368191447,8360.209204786175,167204.1840957235,175564.39330050966
318,3500.0,-3500.0,175564.39330050966,172064.39330050966
319,3441.2878660101933,-3441.2878660101933,172064.39330050966,168623.10543449948
320,3372.4621086899897,8431.155271724974,168623.10543449948,177054.26070622445
321,3500.0,-3500.0,177054.26070622445,173554.26070622445
322,3471.085214124489,-3471.085214124489,173554.26070622445,170083.17549209995
323,3401.6635098419993,-3401.6635098419993,170083.17549209995,166681.51198225794
324,3333.630239645159,-3333.630239645159,166681.51198225794,163347.88174261278
325,3266.9576348522555,-3266.9576348522555,163347.88174261278,160080.9241077605
326,3201.61848215521,8004.046205388026,160080.9241077605,168084.97031314854
327,3361.699406262971,-3361.699406262971,168084.97031314854,164723.27090688556
328,3294.4654181377114,-3294.4654181377114,164723.27090688556,161428.80548874786
329,3228.5761097749573,8071.440274437393,161428.80548874786,169500.24576318526
330,3390.0049152637052,-3390.0049152637052,169500.24576318526,166110.24084792155
331,3322.204816958431,8305.512042396078,166110.24084792155,174415.75289031764
332,3488.315057806353,-3488.315057806353,174415.75289031764,170927.4378325113
333,3418.548756650226,-3418.548756650226,170927.4378325113,167508.88907586108
334,3350.177781517222,8375.444453793054,167508.88907586108,175884.33352965413
335,3500.0,-3500.0,175884.33352965413,172384.33352965413
336,3447.686670593083,-3447.686670593083,172384.33352965413,168936.64685906106
337,3378.732937181221,8446.832342953054,168936.64685906106,177383.4792020141
338,3500.0,8750.0,177383.4792020141,186133.4792020141
339,3500.0,-3500.0,186133.4792020141,182633.4792020141
340,3500.0,-3500.0,182633.4792020141,179133.4792020141
341,3500.0,-3500.0,179133.4792020141,175633.4792020141
342,3500.0,-3500.0,175633.4792020141,172133.4792020141
343,3442.669584040282,8606.673960100705,172133.4792020141,180740.15316211482
344,3500.0,8750.0,180740.15316211482,189490.15316211482
345,3500.0,-3500.0,189490.15316211482,185990.15316211482
346,3500.0,8750.0,185990.15316211482,194740.15316211482
347,3500.0,-3500.0,194740.15316211482,191240.15316211482
348,3500.0,-3500.0,191240.15316211482,187740.15316211482
349,3500.0,-3500.0,187740.15316211482,184240.15316211482
350,3500.0,-3500.0,184240.15316211482,180740.15316211482
351,3500.0,-3500.0,180740.15316211482,177240.15316211482
352,3500.0,8750.0,177240.15316211482,185990.15316211482
353,3500.0,-3500.0,185990.15316211482,182490.15316211482
354,3500.0,-3500.0,182490.15316211482,178990.15316211482
355,3500.0,8750.0,178990.15316211482,187740.15316211482
356,3500.0,8750.0,187740.15316211482,196490.15316211482
357,3500.0,8750.0,196490.15316211482,205240.15316211482
358,3500.0,-3500.0,205240.15316211482,201740.15316211482
359,3500.0,-3500.0,201740.15316211482,198240.15316211482
360,3500.0,-3500.0,198240.15316211482,194740.15316211482
361,3500.0,-3500.0,194740.15316211482,191240.15316211482
362,3500.0,-3500.0,191240.15316211482,187740.15316211482
363,3500.0,-3500.0,187740.15316211482,184240.15316211482
364,3500.0,-3500.0,184240.15316211482,180740.15316211482
365,3500.0,-3500.0,180740.15316211482,177240.15316211482
366,3500.0,8750.0,177240.15316211482,185990.15316211482
367,3500.0,8750.0,185990.15316211482,194740.15316211482
368,3500.0,8750.0,194740.15316211482,203490.15316211482
369,3500.0,-3500.0,203490.15316211482,199990.15316211482
370,3500.0,-3500.0,199990.15316211482,196490.15316211482
371,3500.0,-3500.0,196490.15316211482,192990.15316211482
372,3500.0,-3500.0,192990.15316211482,189490.15316211482
373,3500.0,8750.0,189490.15316211482,198240.15316211482
374,3500.0,8750.0,198240.15316211482,206990.15316211482
375,3500.0,-3500.0,206990.15316211482,203490.15316211482
376,3500.0,-3500.0,203490.15316211482,199990.15316211482
377,3500.0,8750.0,199990.15316211482,208740.15316211482
378,3500.0,8750.0,208740.15316211482,217490.15316211482
379,3500.0,8750.0,217490.15316211482,226240.15316211482
380,3500.0,8750.0,226240.15316211482,234990.15316211482
381,3500.0,-3500.0,234990.15316211482,231490.15316211482
382,3500.0,-3500.0,231490.15316211482,227990.15316211482
383,3500.0,-3500.0,227990.15316211482,224490.15316211482
384,3500.0,-3500.0,224490.15316211482,220990.15316211482
385,3500.0,-3500.0,220990.15316211482,217490.15316211482
386,3500.0,8750.0,217490.15316211482,226240.15316211482
387,3500.0,8750.0,226240.15316211482,234990.15316211482
388,3500.0,-3500.0,234990.15316211482,231490.15316211482
389,3500.0,8750.0,231490.15316211482,240240.15316211482
390,3500.0,-3500.0,240240.15316211482,236740.15316211482
391,3500.0,8750.0,236740.15316211482,245490.15316211482
392,3500.0,-3500.0,245490.15316211482,241990.15316211482
393,3500.0,-3500.0,241990.15316211482,238490.15316211482
394,3500.0,8750.0,238490.15316211482,247240.15316211482
395,3500.0,-3500.0,247240.15316211482,243740.15316211482
396,3500.0,-3500.0,243740.15316211482,240240.15316211482
397,3500.0,-3500.0,240240.15316211482,236740.15316211482
398,3500.0,8750.0,236740.15316211482,245490.15316211482
399,3500.0,8750.0,245490.15316211482,254240.15316211482
400,3500.0,-3500.0,254240.15316211482,250740.15316211482
401,3500.0,-3500.0,250740.15316211482,247240.15316211482
402,3500.0,-3500.0,247240.15316211482,243740.15316211482
403,3500.0,-3500.0,243740.15316211482,240240.15316211482
404,3500.0,8750.0,240240.15316211482,248990.15316211482
405,3500.0,-3500.0,248990.15316211482,245490.15316211482
406,3500.0,-3500.0,245490.15316211482,241990.15316211482
407,3500.0,8750.0,241990.15316211482,250740.15316211482
408,3500.0,8750.0,250740.15316211482,259490.15316211482
409,3500.0,-3500.0,259490.15316211482,255990.15316211482
410,3500.0,-3500.0,255990.15316211482,252490.15316211482
411,3500.0,8750.0,252490.15316211482,261240.15316211482
412,3500.0,-3500.0,261240.15316211482,257740.15316211482
413,3500.0,-3500.0,257740.15316211482,254240.15316211482
414,3500.0,-3500.0,254240.15316211482,250740.15316211482
415,3500.0,8750.0,250740.15316211482,259490.15316211482
416,3500.0,-3500.0,259490.15316211482,255990.15316211482
417,3500.0,8750.0,255990.15316211482,264740.1531621148
418,3500.0,-3500.0,264740.1531621148,261240.1531621148
419,3500.0,-3500.0,261240.1531621148,257740.1531621148
420,3500.0,-3500.0,257740.1531621148,254240.1531621148
421,3500.0,-3500.0,254240.1531621148,250740.1531621148
422,3500.0,8750.0,250740.1531621148,259490.1531621148
423,3500.0,8750.0,259490.1531621148,268240.1531621148
424,3500.0,-3500.0,268240.1531621148,264740.1531621148
425,3500.0,-3500.0,264740.1531621148,261240.1531621148
426,3500.0,8750.0,261240.1531621148,269990.1531621148
427,3500.0,-3500.0,269990.1531621148,266490.1531621148
428,3500.0,-3500.0,266490.1531621148,262990.1531621148
429,3500.0,-3500.0,262990.1531621148,259490.1531621148
430,3500.0,8750.0,259490.1531621148,268240.1531621148
431,3500.0,-3500.0,268240.1531621148,264740.1531621148
432,3500.0,-3500.0,264740.1531621148,261240.1531621148
433,3500.0,8750.0,261240.1531621148,269990.1531621148
434,3500.0,-3500.0,269990.1531621148,266490.1531621148
435,3500.0,-3500.0,266490.1531621148,262990.1531621148
436,3500.0,-3500.0,262990.1531621148,259490.1531621148
437,3500.0,8750.0,259490.1531621148,268240.1531621148
438,3500.0,8750.0,268240.1531621148,276990.1531621148
439,3500.0,-3500.0,276990.1531621148,273490.1531621148
440,3500.0,-3500.0,273490.1531621148,269990.1531621148
441,3500.0,8750.0,269990.1531621148,278740.1531621148
442,3500.0,-3500.0,278740.1531621148,275240.1531621148
443,3500.0,8750.0,275240.1531621148,283990.1531621148
444,3500.0,-3500.0,283990.1531621148,280490.1531621148
445,3500.0,-3500.0,280490.1531621148,276990.1531621148
446,3500.0,-3500.0,276990.1531621148,273490.1531621148
447,3500.0,-3500.0,273490.1531621148,269990.1531621148
448,3500.0,8750.0,269990.1531621148,278740.1531621148
449,3500.0,-3500.0,278740.1531621148,275240.1531621148
450,3500.0,-3500.0,275240.1531621148,271740.1531621148
451,3500.0,8750.0,271740.1531621148,280490.1531621148
452,3500.0,-3500.0,280490.1531621148,276990.1531621148
453,3500.0,8750.0,276990.1531621148,285740.1531621148
454,3500.0,8750.0,285740.1531621148,294490.1531621148
455,3500.0,8750.0,294490.1531621148,303240.1531621148
456,3500.0,-3500.0,303240.1531621148,299740.1531621148
457,3500.0,-3500.0,299740.1531621148,296240.1531621148
458,3500.0,8750.0,296240.1531621148,304990.1531621148
459,3500.0,-3500.0,304990.1531621148,301490.1531621148
460,3500.0,8750.0,301490.1531621148,310240.1531621148
461,3500.0,-3500.0,310240.1531621148,306740.1531621148
462,3500.0,-3500.0,306740.1531621148,303240.1531621148
463,3500.0,-3500.0,303240.1531621148,299740.1531621148
464,3500.0,8750.0,299740.1531621148,308490.1531621148
465,3500.0,8750.0,308490.1531621148,317240.1531621148
466,3500.0,-3500.0,317240.1531621148,313740.1531621148
467,3500.0,8750.0,313740.1531621148,322490.1531621148
468,3500.0,-3500.0,322490.1531621148,318990.1531621148
469,3500.0,8750.0,318990.1531621148,327740.1531621148
470,3500.0,8750.0,327740.1531621148,336490.1531621148
471,3500.0,-3500.0,336490.1531621148,332990.1531621148
472,3500.0,-3500.0,332990.1531621148,329490.1531621148
473,3500.0,8750.0,329490.1531621148,338240.1531621148
474,3500.0,8750.0,338240.1531621148,346990.1531621148
475,3500.0,8750.0,346990.1531621148,355740.1531621148
476,3500.0,8750.0,355740.1531621148,364490.1531621148
477,3500.0,-3500.0,364490.1531621148,360990.1531621148
478,3500.0,-3500.0,360990.1531621148,357490.1531621148
479,3500.0,8750.0,357490.1531621148,366240.1531621148
480,3500.0,-3500.0,366240.1531621148,362740.1531621148
481,3500.0,-3500.0,362740.1531621148,359240.1531621148
482,3500.0,-3500.0,359240.1531621148,355740.1531621148
483,3500.0,8750.0,355740.1531621148,364490.1531621148
484,3500.0,-3500.0,364490.1531621148,360990.1531621148
485,3500.0,-3500.0,360990.1531621148,357490.1531621148
486,3500.0,8750.0,357490.1531621148,366240.1531621148
487,3500.0,8750.0,366240.1531621148,374990.1531621148
488,3500.0,-3500.0,374990.1531621148,371490.1531621148
489,3500.0,8750.0,371490.1531621148,380240.1531621148
490,3500.0,-3500.0,380240.1531621148,376740.1531621148
491,3500.0,-3500.0,376740.1531621148,373240.1531621148
492,3500.0,-3500.0,373240.1531621148,369740.1531621148
493,3500.0,-3500.0,369740.1531621148,366240.1531621148
494,3500.0,-3500.0,366240.1531621148,362740.1531621148
495,3500.0,-3500.0,362740.1531621148,359240.1531621148
496,3500.0,-3500.0,359240.1531621148,355740.1531621148
497,3500.0,-3500.0,355740.1531621148,352240.1531621148
498,3500.0,-3500.0,352240.1531621148,348740.1531621148
499,3500.0,-3500.0,348740.1531621148,345240.1531621148
500,3500.0,8750.0,345240.1531621148,353990.1531621148
501,3500.0,-3500.0,353990.1531621148,350490.1531621148
502,3500.0,8750.0,350490.1531621148,359240.1531621148
503,3500.0,-3500.0,359240.1531621148,355740.1531621148
504,3500.0,-3500.0,355740.1531621148,352240.1531621148
505,3500.0,-3500.0,352240.1531621148,348740.1531621148
506,3500.0,-3500.0,348740.1531621148,345240.1531621148
507,3500.0,-3500.0,345240.1531621148,341740.1531621148
508,3500.0,-3500.0,341740.1531621148,338240.1531621148
509,3500.0,8750.0,338240.1531621148,346990.1531621148
510,3500.0,-3500.0,346990.1531621148,343490.1531621148
511,3500.0,8750.0,343490.1531621148,352240.1531621148
512,3500.0,-3500.0,352240.1531621148,348740.1531621148
513,3500.0,8750.0,348740.1531621148,357490.1531621148
514,3500.0,-3500.0,357490.1531621148,353990.1531621148
515,3500.0,8750.0,353990.1531621148,362740.1531621148
516,3500.0,-3500.0,362740.1531621148,359240.1531621148
517,3500.0,-3500.0,359240.1531621148,355740.1531621148
518,3500.0,8750.0,355740.1531621148,364490.1531621148
519,3500.0,8750.0,364490.1531621148,373240.1531621148
520,3500.0,-3500.0,373240.1531621148,369740.1531621148
521,3500.0,8750.0,369740.1531621148,378490.1531621148
522,3500.0,-3500.0,378490.1531621148,374990.1531621148
523,3500.0,-3500.0,374990.1531621148,371490.1531621148
524,3500.0,-3500.0,371490.1531621148,367990.1531621148
525,3500.0,-3500.0,367990.1531621148,364490.1531621148
526,3500.0,-3500.0,364490.1531621148,360990.1531621148
527,3500.0,-3500.0,360990.1531621148,357490.1531621148
528,3500.0,-3500.0,357490.1531621148,353990.1531621148
529,3500.0,8750.0,353990.1531621148,362740.1531621148
530,3500.0,8750.0,362740.1531621148,371490.1531621148
531,3500.0,-3500.0,371490.1531621148,367990.1531621148
532,3500.0,-3500.0,367990.1531621148,364490.1531621148
533,3500.0,-3500.0,364490.1531621148,360990.1531621148
534,3500.0,-3500.0,360990.1531621148,357490.1531621148
535,3500.0,8750.0,357490.1531621148,366240.1531621148
536,3500.0,8750.0,366240.1531621148,374990.1531621148
537,3500.0,8750.0,374990.1531621148,383740.1531621148
538,3500.0,8750.0,383740.1531621148,392490.1531621148
539,3500.0,-3500.0,392490.1531621148,388990.1531621148
540,3500.0,-3500.0,388990.1531621148,385490.1531621148
541,3500.0,8750.0,385490.1531621148,394240.1531621148
542,3500.0,8750.0,394240.1531621148,402990.1531621148
543,3500.0,8750.0,402990.1531621148,411740.1531621148
544,3500.0,-3500.0,411740.1531621148,408240.1531621148
545,3500.0,-3500.0,408240.1531621148,404740.1531621148
546,3500.0,-3500.0,404740.1531621148,401240.1531621148
547,3500.0,-3500.0,401240.1531621148,397740.1531621148
548,3500.0,8750.0,397740.1531621148,406490.1531621148
549,3500.0,8750.0,406490.1531621148,415240.1531621148
550,3500.0,8750.0,415240.1531621148,423990.1531621148
551,3500.0,8750.0,423990.1531621148,432740.1531621148
552,3500.0,8750.0,432740.1531621148,441490.1531621148
553,3500.0,8750.0,441490.1531621148,450240.1531621148
554,3500.0,-3500.0,450240.1531621148,446740.1531621148
555,3500.0,8750.0,446740.1531621148,455490.1531621148
556,3500.0,-3500.0,455490.1531621148,451990.1531621148
557,3500.0,-3500.0,451990.1531621148,448490.1531621148
558,3500.0,8750.0,448490.1531621148,457240.1531621148
559,3500.0,8750.0,457240.1531621148,465990.1531621148
560,3500.0,-3500.0,465990.1531621148,462490.1531621148
561,3500.0,8750.0,462490.1531621148,471240.1531621148
562,3500.0,-3500.0,471240.1531621148,467740.1531621148
563,3500.0,8750.0,467740.1531621148,476490.1531621148
564,3500.0,-3500.0,476490.1531621148,472990.1531621148
565,3500.0,-3500.0,472990.1531621148,469490.1531621148
566,3500.0,-3500.0,469490.1531621148,465990.1531621148
567,3500.0,-3500.0,465990.1531621148,462490.1531621148
568,3500.0,-3500.0,462490.1531621148,458990.1531621148
569,3500.0,-3500.0,458990.1531621148,455490.1531621148
570,3500.0,-3500.0,455490.1531621148,451990.1531621148
571,3500.0,8750.0,451990.1531621148,460740.1531621148
572,3500.0,-3500.0,460740.1531621148,457240.1531621148
573,3500.0,8750.0,457240.1531621148,465990.1531621148
574,3500.0,-3500.0,465990.1531621148,462490.1531621148
575,3500.0,-3500.0,462490.1531621148,458990.1531621148
576,3500.0,-3500.0,458990.1531621148,455490.1531621148
577,3500.0,-3500.0,455490.1531621148,451990.1531621148
578,3500.0,-3500.0,451990.1531621148,448490.1531621148
579,3500.0,-3500.0,448490.1531621148,444990.1531621148
580,3500.0,8750.0,444990.1531621148,453740.1531621148
581,3500.0,-3500.0,453740.1531621148,450240.1531621148
582,3500.0,8750.0,450240.1531621148,458990.1531621148
583,3500.0,-3500.0,458990.1531621148,455490.1531621148
584,3500.0,-3500.0,455490.1531621148,451990.1531621148
585,3500.0,8750.0,451990.1531621148,460740.1531621148
586,3500.0,-3500.0,460740.1531621148,457240.1531621148
587,3500.0,-3500.0,457240.1531621148,453740.1531621148
588,3500.0,-3500.0,453740.1531621148,450240.1531621148
589,3500.0,-3500.0,450240.1531621148,446740.1531621148
590,3500.0,8750.0,446740.1531621148,455490.1531621148
591,3500.0,-3500.0,455490.1531621148,451990.1531621148
592,3500.0,-3500.0,451990.1531621148,448490.1531621148
593,3500.0,8750.0,448490.1531621148,457240.1531621148
594,3500.0,8750.0,457240.1531621148,465990.1531621148
595,3500.0,-3500.0,465990.1531621148,462490.1531621148
596,3500.0,-3500.0,462490.1531621148,458990.1531621148
597,3500.0,-3500.0,458990.1531621148,455490.1531621148
598,3500.0,-3500.0,455490.1531621148,451990.1531621148
599,3500.0,-3500.0,451990.1531621148,448490.1531621148
600,3500.0,-3500.0,448490.1531621148,444990.1531621148
601,3500.0,-3500.0,444990.1531621148,441490.1531621148
602,3500.0,-3500.0,441490.1531621148,437990.1531621148
603,3500.0,8750.0,437990.1531621148,446740.1531621148
604,3500.0,8750.0,446740.1531621148,455490.1531621148
605,3500.0,-3500.0,455490.1531621148,451990.1531621148
606,3500.0,8750.0,451990.1531621148,460740.1531621148
607,3500.0,-3500.0,460740.1531621148,457240.1531621148
608,3500.0,-3500.0,457240.1531621148,453740.1531621148
609,3500.0,-3500.0,453740.1531621148,450240.1531621148
610,3500.0,8750.0,450240.1531621148,458990.1531621148
611,3500.0,8750.0,458990.1531621148,467740.1531621148
612,3500.0,8750.0,467740.1531621148,476490.1531621148
613,3500.0,-3500.0,476490.1531621148,472990.1531621148
614,3500.0,-3500.0,472990.1531621148,469490.1531621148
615,3500.0,8750.0,469490.1531621148,478240.1531621148
616,3500.0,8750.0,478240.1531621148,486990.1531621148
617,3500.0,-3500.0,486990.1531621148,483490.1531621148
618,3500.0,8750.0,483490.1531621148,492240.1531621148
619,3500.0,-3500.0,492240.1531621148,488740.1531621148
620,3500.0,-3500.0,488740.1531621148,485240.1531621148
621,3500.0,8750.0,485240.1531621148,493990.1531621148
622,3500.0,-3500.0,493990.1531621148,490490.1531621148
623,3500.0,8750.0,490490.1531621148,499240.1531621148
624,3500.0,-3500.0,499240.1531621148,495740.1531621148
625,3500.0,8750.0,495740.1531621148,504490.1531621148
626,3500.0,-3500.0,504490.1531621148,500990.1531621148
627,3500.0,-3500.0,500990.1531621148,497490.1531621148
628,3500.0,-3500.0,497490.1531621148,493990.1531621148
629,3500.0,-3500.0,493990.1531621148,490490.1531621148
630,3500.0,8750.0,490490.1531621148,499240.1531621148
631,3500.0,-3500.0,499240.1531621148,495740.1531621148
632,3500.0,-3500.0,495740.1531621148,492240.1531621148
633,3500.0,-3500.0,492240.1531621148,488740.1531621148
634,3500.0,8750.0,488740.1531621148,497490.1531621148
635,3500.0,-3500.0,497490.1531621148,493990.1531621148
636,3500.0,-3500.0,493990.1531621148,490490.1531621148
637,3500.0,8750.0,490490.1531621148,499240.1531621148
638,3500.0,8750.0,499240.1531621148,507990.1531621148
639,3500.0,8750.0,507990.1531621148,516740.1531621148
640,3500.0,8750.0,516740.1531621148,525490.1531621148
641,3500.0,-3500.0,525490.1531621148,521990.1531621148
642,3500.0,-3500.0,521990.1531621148,518490.1531621148
643,3500.0,8750.0,518490.1531621148,527240.1531621148
644,3500.0,-3500.0,527240.1531621148,523740.1531621148
645,3500.0,8750.0,523740.1531621148,532490.1531621148
646,3500.0,-3500.0,532490.1531621148,528990.1531621148
647,3500.0,-3500.0,528990.1531621148,525490.1531621148
648,3500.0,-3500.0,525490.1531621148,521990.1531621148
649,3500.0,-3500.0,521990.1531621148,518490.1531621148
650,3500.0,-3500.0,518490.1531621148,514990.1531621148
651,3500.0,-3500.0,514990.1531621148,511490.1531621148
652,3500.0,-3500.0,511490.1531621148,507990.1531621148
653,3500.0,8750.0,507990.1531621148,516740.1531621148
654,3500.0,-3500.0,516740.1531621148,513240.1531621148
655,3500.0,-3500.0,513240.1531621148,509740.1531621148
656,3500.0,-3500.0,509740.1531621148,506240.1531621148
657,3500.0,-3500.0,506240.1531621148,502740.1531621148
658,3500.0,-3500.0,502740.1531621148,499240.1531621148
659,3500.0,-3500.0,499240.1531621148,495740.1531621148
660,3500.0,-3500.0,495740.1531621148,492240.1531621148
661,3500.0,8750.0,492240.1531621148,500990.1531621148
662,3500.0,-3500.0,500990.1531621148,497490.1531621148
663,3500.0,8750.0,497490.1531621148,506240.1531621148
664,3500.0,-3500.0,506240.1531621148,502740.1531621148
665,3500.0,-3500.0,502740.1531621148,499240.1531621148
666,3500.0,-3500.0,499240.1531621148,495740.1531621148
667,3500.0,-3500.0,495740.1531621148,492240.1531621148
668,3500.0,-3500.0,492240.1531621148,488740.1531621148
669,3500.0,-3500.0,488740.1531621148,485240.1531621148
670,3500.0,8750.0,485240.1531621148,493990.1531621148
671,3500.0,-3500.0,493990.1531621148,490490.1531621148
672,3500.0,-3500.0,490490.1531621148,486990.1531621148
673,3500.0,8750.0,486990.1531621148,495740.1531621148
674,3500.0,-3500.0,495740.1531621148,492240.1531621148
675,3500.0,-3500.0,492240.1531621148,488740.1531621148
676,3500.0,-3500.0,488740.1531621148,485240.1531621148
677,3500.0,-3500.0,485240.1531621148,481740.1531621148
678,3500.0,8750.0,481740.1531621148,490490.1531621148
679,3500.0,-3500.0,490490.1531621148,486990.1531621148
680,3500.0,-3500.0,486990.1531621148,483490.1531621148
681,3500.0,8750.0,483490.1531621148,492240.1531621148
682,3500.0,8750.0,492240.1531621148,500990.1531621148
683,3500.0,-3500.0,500990.1531621148,497490.1531621148
684,3500.0,8750.0,497490.1531621148,506240.1531621148
685,3500.0,-3500.0,506240.1531621148,502740.1531621148
686,3500.0,8750.0,502740.1531621148,511490.1531621148
687,3500.0,8750.0,511490.1531621148,520240.1531621148
688,3500.0,-3500.0,520240.1531621148,516740.1531621148
689,3500.0,-3500.0,516740.1531621148,513240.1531621148
690,3500.0,-3500.0,513240.1531621148,509740.1531621148
691,3500.0,-3500.0,509740.1531621148,506240.1531621148
692,3500.0,-3500.0,506240.1531621148,502740.1531621148
693,3500.0,8750.0,502740.1531621148,511490.1531621148
694,3500.0,-3500.0,511490.1531621148,507990.1531621148
695,3500.0,-3500.0,507990.1531621148,504490.1531621148
696,3500.0,-3500.0,504490.1531621148,500990.1531621148
697,3500.0,8750.0,500990.1531621148,509740.1531621148
698,3500.0,8750.0,509740.1531621148,518490.1531621148
699,3500.0,-3500.0,518490.1531621148,514990.1531621148
700,3500.0,8750.0,514990.1531621148,523740.1531621148
701,3500.0,-3500.0,523740.1531621148,520240.1531621148
702,3500.0,-3500.0,520240.1531621148,516740.1531621148
703,3500.0,-3500.0,516740.1531621148,513240.1531621148
704,3500.0,-3500.0,513240.1531621148,509740.1531621148
705,3500.0,-3500.0,509740.1531621148,506240.1531621148
706,3500.0,-3500.0,506240.1531621148,502740.1531621148
707,3500.0,-3500.0,502740.1531621148,499240.1531621148
708,3500.0,-3500.0,499240.1531621148,495740.1531621148
709,3500.0,8750.0,495740.1531621148,504490.1531621148
710,3500.0,-3500.0,504490.1531621148,500990.1531621148
711,3500.0,8750.0,500990.1531621148,509740.1531621148
712,3500.0,-3500.0,509740.1531621148,506240.1531621148
713,3500.0,8750.0,506240.1531621148,514990.1531621148
714,3500.0,-3500.0,514990.1531621148,511490.1531621148
715,3500.0,-3500.0,511490.1531621148,507990.1531621148
716,3500.0,-3500.0,507990.1531621148,504490.1531621148
717,3500.0,-3500.0,504490.1531621148,500990.1531621148
718,3500.0,-3500.0,500990.1531621148,497490.1531621148
719,3500.0,8750.0,497490.1531621148,506240.1531621148
720,3500.0,8750.0,506240.1531621148,514990.1531621148
721,3500.0,8750.0,514990.1531621148,523740.1531621148
722,3500.0,-3500.0,523740.1531621148,520240.1531621148
723,3500.0,-3500.0,520240.1531621148,516740.1531621148
724,3500.0,8750.0,516740.1531621148,525490.1531621148
725,3500.0,-3500.0,525490.1531621148,521990.1531621148
726,3500.0,-3500.0,521990.1531621148,518490.1531621148
727,3500.0,-3500.0,518490.1531621148,514990.1531621148
728,3500.0,8750.0,514990.1531621148,523740.1531621148
729,3500.0,-3500.0,523740.1531621148,520240.1531621148
730,3500.0,-3500.0,520240.1531621148,516740.1531621148
731,3500.0,-3500.0,516740.1531621148,513240.1531621148
732,3500.0,-3500.0,513240.1531621148,509740.1531621148
733,3500.0,8750.0,509740.1531621148,518490.1531621148
734,3500.0,8750.0,518490.1531621148,527240.1531621148
735,3500.0,-3500.0,527240.1531621148,523740.1531621148
736,3500.0,-3500.0,523740.1531621148,520240.1531621148
737,3500.0,8750.0,520240.1531621148,528990.1531621148
738,3500.0,8750.0,528990.1531621148,537740.1531621148
739,3500.0,8750.0,537740.1531621148,546490.1531621148
740,3500.0,-3500.0,546490.1531621148,542990.1531621148
741,3500.0,-3500.0,542990.1531621148,539490.1531621148
742,3500.0,-3500.0,539490.1531621148,535990.1531621148
743,3500.0,8750.0,535990.1531621148,544740.1531621148
744,3500.0,-3500.0,544740.1531621148,541240.1531621148
745,3500.0,-3500.0,541240.1531621148,537740.1531621148
746,3500.0,8750.0,537740.1531621148,546490.1531621148
747,3500.0,-3500.0,546490.1531621148,542990.1531621148
748,3500.0,-3500.0,542990.1531621148,539490.1531621148
749,3500.0,-3500.0,539490.1531621148,535990.1531621148
750,3500.0,-3500.0,535990.1531621148,532490.1531621148
751,3500.0,8750.0,532490.1531621148,541240.1531621148
752,3500.0,-3500.0,541240.1531621148,537740.1531621148
753,3500.0,-3500.0,537740.1531621148,534240.1531621148
754,3500.0,-3500.0,534240.1531621148,530740.1531621148
755,3500.0,-3500.0,530740.1531621148,527240.1531621148
756,3500.0,8750.0,527240.1531621148,535990.1531621148
757,3500.0,8750.0,535990.1531621148,544740.1531621148
758,3500.0,8750.0,544740.1531621148,553490.1531621148
759,3500.0,-3500.0,553490.1531621148,549990.1531621148
760,3500.0,-3500.0,549990.1531621148,546490.1531621148
761,3500.0,8750.0,546490.1531621148,555240.1531621148
762,3500.0,8750.0,555240.1531621148,563990.1531621148
763,3500.0,8750.0,563990.1531621148,572740.1531621148
764,3500.0,-3500.0,572740.1531621148,569240.1531621148
765,3500.0,-3500.0,569240.1531621148,565740.1531621148
766,3500.0,8750.0,565740.1531621148,574490.1531621148
767,3500.0,-3500.0,574490.1531621148,570990.1531621148
768,3500.0,-3500.0,570990.1531621148,567490.1531621148
769,3500.0,-3500.0,567490.1531621148,563990.1531621148
770,3500.0,-3500.0,563990.1531621148,560490.1531621148
771,3500.0,8750.0,560490.1531621148,569240.1531621148
772,3500.0,-3500.0,569240.1531621148,565740.1531621148
773,3500.0,-3500.0,565740.1531621148,562240.1531621148
774,3500.0,-3500.0,562240.1531621148,558740.1531621148
775,3500.0,8750.0,558740.1531621148,567490.1531621148
776,3500.0,-3500.0,567490.1531621148,563990.1531621148
777,3500.0,-3500.0,563990.1531621148,560490.1531621148
778,3500.0,-3500.0,560490.1531621148,556990.1531621148
779,3500.0,-3500.0,556990.1531621148,553490.1531621148
780,3500.0,-3500.0,553490.1531621148,549990.1531621148
781,3500.0,8750.0,549990.1531621148,558740.1531621148
782,3500.0,-3500.0,558740.1531621148,555240.1531621148
783,3500.0,8750.0,555240.1531621148,563990.1531621148
784,3500.0,8750.0,563990.1531621148,572740.1531621148
785,3500.0,-3500.0,572740.1531621148,569240.1531621148
786,3500.0,8750.0,569240.1531621148,577990.1531621148
787,3500.0,-3500.0,577990.1531621148,574490.1531621148
788,3500.0,-3500.0,574490.1531621148,570990.1531621148
789,3500.0,8750.0,570990.1531621148,579740.1531621148
790,3500.0,-3500.0,579740.1531621148,576240.1531621148
791,3500.0,8750.0,576240.1531621148,584990.1531621148
792,3500.0,-3500.0,584990.1531621148,581490.1531621148
793,3500.0,8750.0,581490.1531621148,590240.1531621148
794,3500.0,8750.0,590240.1531621148,598990.1531621148
795,3500.0,-3500.0,598990.1531621148,595490.1531621148
796,3500.0,-3500.0,595490.1531621148,591990.1531621148
797,3500.0,8750.0,591990.1531621148,600740.1531621148
798,3500.0,8750.0,600740.1531621148,609490.1531621148
799,3500.0,-3500.0,609490.1531621148,605990.1531621148
800,3500.0,8750.0,605990.1531621148,614740.1531621148
801,3500.0,-3500.0,614740.1531621148,611240.1531621148
802,3500.0,8750.0,611240.1531621148,619990.1531621148
803,3500.0,-3500.0,619990.1531621148,616490.1531621148
804,3500.0,8750.0,616490.1531621148,625240.1531621148
805,3500.0,8750.0,625240.1531621148,633990.1531621148
806,3500.0,8750.0,633990.1531621148,642740.1531621148
807,3500.0,8750.0,642740.1531621148,651490.1531621148
808,3500.0,-3500.0,651490.1531621148,647990.1531621148
809,3500.0,-3500.0,647990.1531621148,644490.1531621148
810,3500.0,-3500.0,644490.1531621148,640990.1531621148
811,3500.0,8750.0,640990.1531621148,649740.1531621148
812,3500.0,8750.0,649740.1531621148,658490.1531621148
813,3500.0,-3500.0,658490.1531621148,654990.1531621148
814,3500.0,8750.0,654990.1531621148,663740.1531621148
815,3500.0,8750.0,663740.1531621148,672490.1531621148
816,3500.0,8750.0,672490.1531621148,681240.1531621148
817,3500.0,-3500.0,681240.1531621148,677740.1531621148
818,3500.0,8750.0,677740.1531621148,686490.1531621148
819,3500.0,8750.0,686490.1531621148,695240.1531621148
820,3500.0,-3500.0,695240.1531621148,691740.1531621148
821,3500.0,-3500.0,691740.1531621148,688240.1531621148
822,3500.0,-3500.0,688240.1531621148,684740.1531621148
823,3500.0,8750.0,684740.1531621148,693490.1531621148
824,3500.0,-3500.0,693490.1531621148,689990.1531621148
825,3500.0,-3500.0,689990.1531621148,686490.1531621148
826,3500.0,8750.0,686490.1531621148,695240.1531621148
827,3500.0,-3500.0,695240.1531621148,691740.1531621148
828,3500.0,-3500.0,691740.1531621148,688240.1531621148
829,3500.0,-3500.0,688240.1531621148,684740.1531621148
830,3500.0,-3500.0,684740.1531621148,681240.1531621148
831,3500.0,-3500.0,681240.1531621148,677740.1531621148
832,3500.0,-3500.0,677740.1531621148,674240.1531621148
833,3500.0,-3500.0,674240.1531621148,670740.1531621148
834,3500.0,-3500.0,670740.1531621148,667240.1531621148
835,3500.0,8750.0,667240.1531621148,675990.1531621148
836,3500.0,-3500.0,675990.1531621148,672490.1531621148
837,3500.0,-3500.0,672490.1531621148,668990.1531621148
838,3500.0,-3500.0,668990.1531621148,665490.1531621148
839,3500.0,-3500.0,665490.1531621148,661990.1531621148
840,3500.0,-3500.0,661990.1531621148,658490.1531621148
841,3500.0,8750.0,658490.1531621148,667240.1531621148
842,3500.0,8750.0,667240.1531621148,675990.1531621148
843,3500.0,-3500.0,675990.1531621148,672490.1531621148
844,3500.0,-3500.0,672490.1531621148,668990.1531621148
845,3500.0,-3500.0,668990.1531621148,665490.1531621148
846,3500.0,8750.0,665490.1531621148,674240.1531621148
847,3500.0,-3500.0,674240.1531621148,670740.1531621148
848,3500.0,-3500.0,670740.1531621148,667240.1531621148
849,3500.0,-3500.0,667240.1531621148,663740.1531621148
850,3500.0,8750.0,663740.1531621148,672490.1531621148
851,3500.0,8750.0,672490.1531621148,681240.1531621148
852,3500.0,8750.0,681240.1531621148,689990.1531621148
853,3500.0,-3500.0,689990.1531621148,686490.1531621148
854,3500.0,-3500.0,686490.1531621148,682990.1531621148
855,3500.0,8750.0,682990.1531621148,691740.1531621148
856,3500.0,-3500.0,691740.1531621148,688240.1531621148
857,3500.0,-3500.0,688240.1531621148,684740.1531621148
858,3500.0,-3500.0,684740.1531621148,681240.1531621148
859,3500.0,-3500.0,681240.1531621148,677740.1531621148
860,3500.0,8750.0,677740.1531621148,686490.1531621148
861,3500.0,8750.0,686490.1531621148,695240.1531621148
862,3500.0,-3500.0,695240.1531621148,691740.1531621148
863,3500.0,-3500.0,691740.1531621148,688240.1531621148
864,3500.0,-3500.0,688240.1531621148,684740.1531621148
865,3500.0,-3500.0,684740.1531621148,681240.1531621148
866,3500.0,8750.0,681240.1531621148,689990.1531621148
867,3500.0,-3500.0,689990.1531621148,686490.1531621148
868,3500.0,-3500.0,686490.1531621148,682990.1531621148
869,3500.0,8750.0,682990.1531621148,691740.1531621148
870,3500.0,8750.0,691740.1531621148,700490.1531621148
871,3500.0,-3500.0,700490.1531621148,696990.1531621148
872,3500.0,8750.0,696990.1531621148,705740.1531621148
873,3500.0,-3500.0,705740.1531621148,702240.1531621148
874,3500.0,-3500.0,702240.1531621148,698740.1531621148
875,3500.0,-3500.0,698740.1531621148,695240.1531621148
876,3500.0,-3500.0,695240.1531621148,691740.1531621148
877,3500.0,-3500.0,691740.1531621148,688240.1531621148
878,3500.0,-3500.0,688240.1531621148,684740.1531621148
879,3500.0,-3500.0,684740.1531621148,681240.1531621148
880,3500.0,8750.0,681240.1531621148,689990.1531621148
881,3500.0,-3500.0,689990.1531621148,686490.1531621148
882,3500.0,-3500.0,686490.1531621148,682990.1531621148
883,3500.0,8750.0,682990.1531621148,691740.1531621148
884,3500.0,8750.0,691740.1531621148,700490.1531621148
885,3500.0,8750.0,700490.1531621148,709240.1531621148
886,3500.0,-3500.0,709240.1531621148,705740.1531621148
887,3500.0,-3500.0,705740.1531621148,702240.1531621148
888,3500.0,-3500.0,702240.1531621148,698740.1531621148
889,3500.0,-3500.0,698740.1531621148,695240.1531621148
890,3500.0,8750.0,695240.1531621148,703990.1531621148
891,3500.0,8750.0,703990.1531621148,712740.1531621148
892,3500.0,-3500.0,712740.1531621148,709240.1531621148
893,3500.0,-3500.0,709240.1531621148,705740.1531621148
894,3500.0,-3500.0,705740.1531621148,702240.1531621148
895,3500.0,-3500.0,702240.1531621148,698740.1531621148
896,3500.0,-3500.0,698740.1531621148,695240.1531621148
897,3500.0,-3500.0,695240.1531621148,691740.1531621148
898,3500.0,8750.0,691740.1531621148,700490.1531621148
899,3500.0,8750.0,700490.1531621148,709240.1531621148
900,3500.0,8750.0,709240.1531621148,717990.1531621148
901,3500.0,-3500.0,717990.1531621148,714490.1531621148
902,3500.0,-3500.0,714490.1531621148,710990.1531621148
903,3500.0,8750.0,710990.1531621148,719740.1531621148
904,3500.0,-3500.0,719740.1531621148,716240.1531621148
905,3500.0,8750.0,716240.1531621148,724990.1531621148
906,3500.0,-3500.0,724990.1531621148,721490.1531621148
907,3500.0,8750.0,721490.1531621148,730240.1531621148
908,3500.0,8750.0,730240.1531621148,738990.1531621148
909,3500.0,-3500.0,738990.1531621148,735490.1531621148
910,3500.0,8750.0,735490.1531621148,744240.1531621148
911,3500.0,-3500.0,744240.1531621148,740740.1531621148
912,3500.0,-3500.0,740740.1531621148,737240.1531621148
913,3500.0,8750.0,737240.1531621148,745990.1531621148
914,3500.0,8750.0,745990.1531621148,754740.1531621148
915,3500.0,-3500.0,754740.1531621148,751240.1531621148
916,3500.0,-3500.0,751240.1531621148,747740.1531621148
917,3500.0,-3500.0,747740.1531621148,744240.1531621148
918,3500.0,-3500.0,744240.1531621148,740740.1531621148
919,3500.0,-3500.0,740740.1531621148,737240.1531621148
920,3500.0,-3500.0,737240.1531621148,733740.1531621148
921,3500.0,-3500.0,733740.1531621148,730240.1531621148
922,3500.0,-3500.0,730240.1531621148,726740.1531621148
923,3500.0,8750.0,726740.1531621148,735490.1531621148
924,3500.0,-3500.0,735490.1531621148,731990.1531621148
925,3500.0,-3500.0,731990.1531621148,728490.1531621148
926,3500.0,-3500.0,728490.1531621148,724990.1531621148
927,3500.0,8750.0,724990.1531621148,733740.1531621148
928,3500.0,-3500.0,733740.1531621148,730240.1531621148
929,3500.0,-3500.0,730240.1531621148,726740.1531621148
930,3500.0,8750.0,726740.1531621148,735490.1531621148
931,3500.0,-3500.0,735490.1531621148,731990.1531621148
932,3500.0,-3500.0,731990.1531621148,728490.1531621148
933,3500.0,8750.0,728490.1531621148,737240.1531621148
934,3500.0,-3500.0,737240.1531621148,733740.1531621148
935,3500.0,-3500.0,733740.1531621148,730240.1531621148
936,3500.0,-3500.0,730240.1531621148,726740.1531621148
937,3500.0,-3500.0,726740.1531621148,723240.1531621148
938,3500.0,-3500.0,723240.1531621148,719740.1531621148
939,3500.0,-3500.0,719740.1531621148,716240.1531621148
940,3500.0,8750.0,716240.1531621148,724990.1531621148
941,3500.0,-3500.0,724990.1531621148,721490.1531621148
942,3500.0,-3500.0,721490.1531621148,717990.1531621148
943,3500.0,-3500.0,717990.1531621148,714490.1531621148
944,3500.0,-3500.0,714490.1531621148,710990.1531621148
945,3500.0,-3500.0,710990.1531621148,707490.1531621148
946,3500.0,-3500.0,707490.1531621148,703990.1531621148
947,3500.0,-3500.0,703990.1531621148,700490.1531621148
948,3500.0,-3500.0,700490.1531621148,696990.1531621148
