Date,Weekday,Trades,Wins,Losses,Win Rate,Total PnL,Average R Multiple,Start Balance,End Balance,Return Percent
2024-01-03,Wednesday,3,2,1,66.67,2023.44,1.33,100000.00,102023.44,2.02
2024-01-04,Thursday,5,3,2,60.00,3426.74,1.10,102023.44,105450.18,3.36
2024-01-05,Friday,2,1,1,50.00,1062.20,0.75,105450.18,106512.38,1.01
2024-01-08,Monday,2,1,1,50.00,1135.23,0.75,106512.37,107647.60,1.07
2024-01-09,Tuesday,6,1,5,16.67,-2285.30,-0.42,107647.60,105362.30,-2.12
2024-01-10,Wednesday,3,1,2,33.33,235.24,0.17,105362.29,105597.53,0.22
2024-01-11,Thursday,4,1,3,25.00,-552.98,-0.13,105597.54,105044.55,-0.52
2024-01-12,Friday,1,0,1,0.00,-752.23,-1.00,105044.56,104292.33,-0.72
2024-01-15,Monday,4,2,2,50.00,2032.74,0.75,104292.33,106325.07,1.95
2024-01-16,Tuesday,4,2,2,50.00,2321.85,0.75,106325.08,108646.93,2.18
2024-01-17,Wednesday,5,2,3,40.00,1587.14,0.40,108646.94,110234.07,1.46
2024-01-18,Thursday,0,0,0,0.00,0.00,0.00,,,0.00
2024-01-19,Friday,0,0,0,0.00,0.00,0.00,,,0.00
2024-01-22,Monday,0,0,0,0.00,0.00,0.00,,,0.00
2024-01-23,Tuesday,0,0,0,0.00,0.00,0.00,,,0.00
2024-01-24,Wednesday,0,0,0,0.00,0.00,0.00,,,0.00
2024-01-25,Thursday,0,0,0,0.00,0.00,0.00,,,0.00
2024-01-26,Friday,0,0,0,0.00,0.00,0.00,,,0.00
2024-01-29,Monday,0,0,0,0.00,0.00,0.00,,,0.00
2024-01-30,Tuesday,0,0,0,0.00,0.00,0.00,,,0.00
2024-01-31,Wednesday,0,0,0,0.00,0.00,0.00,,,0.00
2024-02-01,Thursday,5,1,4,20.00,-1693.20,-0.30,110234.07,108540.87,-1.54
2024-02-02,Friday,3,1,2,33.33,283.91,0.17,108540.87,108824.78,0.26
2024-02-05,Monday,2,0,2,0.00,-1835.42,-1.00,108824.78,106989.37,-1.69
2024-02-06,Tuesday,8,2,6,25.00,-1183.30,-0.13,106989.37,105806.07,-1.11
2024-02-07,Wednesday,4,1,3,25.00,-560.37,-0.13,105806.06,105245.69,-0.53
2024-02-08,Thursday,5,2,3,40.00,1297.64,0.40,105245.70,106543.33,1.23
2024-02-09,Friday,5,3,2,60.00,4714.94,1.10,106543.33,111258.27,4.43
2024-02-12,Monday,5,1,4,20.00,-1778.90,-0.30,111258.26,109479.36,-1.60
2024-02-13,Tuesday,2,2,0,100.00,5174.21,2.50,109479.36,114653.57,4.73
2024-02-14,Wednesday,3,2,1,66.67,4988.49,1.33,114653.57,119642.07,4.35
2024-02-15,Thursday,3,1,2,33.33,453.90,0.17,119642.06,120095.96,0.38
2024-02-16,Friday,2,1,1,50.00,2069.10,0.75,120095.96,122165.06,1.72
2024-02-19,Monday,0,0,0,0.00,0.00,0.00,,,0.00
2024-02-20,Tuesday,0,0,0,0.00,0.00,0.00,,,0.00
2024-02-21,Wednesday,0,0,0,0.00,0.00,0.00,,,0.00
2024-02-22,Thursday,0,0,0,0.00,0.00,0.00,,,0.00
2024-02-23,Friday,0,0,0,0.00,0.00,0.00,,,0.00
2024-02-26,Monday,0,0,0,0.00,0.00,0.00,,,0.00
2024-02-27,Tuesday,0,0,0,0.00,0.00,0.00,,,0.00
2024-02-28,Wednesday,0,0,0,0.00,0.00,0.00,,,0.00
2024-02-29,Thursday,0,0,0,0.00,0.00,0.00,,,0.00
2024-03-01,Friday,2,0,2,0.00,-3136.09,-1.00,122165.05,119028.96,-2.57
2024-03-04,Monday,3,1,2,33.33,444.50,0.17,119028.97,119473.47,0.37
2024-03-05,Tuesday,0,0,0,0.00,0.00,0.00,,,0.00
2024-03-06,Wednesday,4,2,2,50.00,4191.91,0.75,119473.47,123665.38,3.51
2024-03-07,Thursday,4,1,3,25.00,-1193.54,-0.13,123665.38,122471.84,-0.97
2024-03-08,Friday,4,2,2,50.00,4618.36,0.75,122471.84,127090.19,3.77
2024-03-11,Monday,6,0,6,0.00,-9825.49,-1.00,127090.20,117264.70,-7.73
2024-03-12,Tuesday,3,2,1,66.67,5516.83,1.33,117264.71,122781.54,4.70
2024-03-13,Wednesday,3,1,2,33.33,501.97,0.17,122781.55,123283.51,0.41
2024-03-14,Thursday,4,2,2,50.00,4733.80,0.75,123283.52,128017.31,3.84
2024-03-15,Friday,5,1,4,20.00,-3181.30,-0.30,128017.31,124836.00,-2.49
2024-03-18,Monday,5,0,5,0.00,-7880.57,-1.00,124836.00,116955.44,-6.31
2024-03-19,Tuesday,3,0,3,0.00,-3844.51,-1.00,116955.43,113110.92,-3.29
2024-03-20,Wednesday,6,2,4,33.33,713.18,0.17,113110.92,113824.11,0.63
2024-03-21,Thursday,4,0,4,0.00,-4419.23,-1.00,113824.11,109404.88,-3.88
2024-03-22,Friday,5,1,4,20.00,-1623.81,-0.30,109404.88,107781.07,-1.48
2024-03-25,Monday,2,0,2,0.00,-1733.65,-1.00,107781.07,106047.42,-1.61
2024-03-26,Tuesday,4,1,3,25.00,-568.93,-0.12,106047.42,105478.49,-0.54
2024-03-27,Wednesday,4,0,4,0.00,-2871.16,-1.00,105478.48,102607.33,-2.72
2024-03-28,Thursday,3,0,3,0.00,-1798.13,-1.00,102607.33,100809.21,-1.75
2024-03-29,Friday,0,0,0,0.00,0.00,0.00,,,0.00
2024-04-01,Monday,4,1,3,25.00,-383.23,-0.12,100809.21,100425.99,-0.38
2024-04-02,Tuesday,6,0,6,0.00,-2761.92,-1.00,100425.99,97664.06,-2.75
2024-04-03,Wednesday,3,1,2,33.33,117.36,0.17,97664.05,97781.41,0.12
2024-04-04,Thursday,2,1,1,50.00,534.98,0.75,97781.41,98316.39,0.55
2024-04-05,Friday,2,1,1,50.00,571.75,0.75,98316.39,98888.14,0.58
2024-04-08,Monday,4,1,3,25.00,-315.11,-0.13,98888.13,98573.02,-0.32
2024-04-09,Tuesday,3,2,1,66.67,1734.70,1.33,98573.02,100307.72,1.76
2024-04-10,Wednesday,6,0,6,0.00,-2730.62,-1.00,100307.73,97577.12,-2.72
2024-04-11,Thursday,2,1,1,50.00,520.93,0.75,97577.12,98098.05,0.53
2024-04-12,Friday,3,1,2,33.33,124.00,0.17,98098.05,98222.05,0.13
2024-04-15,Monday,3,2,1,66.67,1663.68,1.33,98222.05,99885.73,1.69
2024-04-16,Tuesday,4,0,4,0.00,-1833.74,-1.00,99885.74,98051.99,-1.84
2024-04-17,Wednesday,3,1,2,33.33,123.30,0.17,98051.99,98175.29,0.13
2024-04-18,Thursday,2,1,1,50.00,562.05,0.75,98175.29,98737.34,0.57
2024-04-19,Friday,2,1,1,50.00,600.69,0.75,98737.34,99338.03,0.61
2024-04-22,Monday,1,1,0,100.00,1167.25,2.50,99338.03,100505.28,1.18
2024-04-23,Tuesday,3,1,2,33.33,160.86,0.17,100505.28,100666.15,0.16
2024-04-24,Wednesday,2,1,1,50.00,733.29,0.75,100666.15,101399.44,0.73
2024-04-25,Thursday,4,1,3,25.00,-404.14,-0.12,101399.44,100995.30,-0.40
2024-04-26,Friday,1,1,0,100.00,1374.41,2.50,100995.30,102369.71,1.36
2024-04-29,Monday,3,1,2,33.33,189.41,0.17,102369.71,102559.12,0.19
2024-04-30,Tuesday,5,3,2,60.00,3579.41,1.10,102559.12,106138.53,3.49
2024-05-01,Wednesday,4,2,2,50.00,2295.33,0.75,106138.54,108433.86,2.16
2024-05-02,Thursday,5,1,4,20.00,-1542.56,-0.30,108433.86,106891.31,-1.42
2024-05-03,Friday,2,1,1,50.00,1161.27,0.75,106891.31,108052.58,1.09
2024-05-06,Monday,5,2,3,40.00,1536.55,0.40,108052.58,109589.13,1.42
2024-05-07,Tuesday,3,1,2,33.33,299.96,0.17,109589.14,109889.09,0.27
2024-05-08,Wednesday,3,2,1,66.67,4024.44,1.33,109889.09,113913.53,3.66
2024-05-09,Thursday,1,1,0,100.00,2989.19,2.50,113913.53,116902.72,2.62
2024-05-10,Friday,0,0,0,0.00,0.00,0.00,,,0.00
2024-05-13,Monday,0,0,0,0.00,0.00,0.00,,,0.00
2024-05-14,Tuesday,0,0,0,0.00,0.00,0.00,,,0.00
2024-05-15,Wednesday,0,0,0,0.00,0.00,0.00,,,0.00
2024-05-16,Thursday,0,0,0,0.00,0.00,0.00,,,0.00
2024-05-17,Friday,0,0,0,0.00,0.00,0.00,,,0.00
2024-05-20,Monday,0,0,0,0.00,0.00,0.00,,,0.00
2024-05-21,Tuesday,0,0,0,0.00,0.00,0.00,,,0.00
2024-05-22,Wednesday,0,0,0,0.00,0.00,0.00,,,0.00
2024-05-23,Thursday,0,0,0,0.00,0.00,0.00,,,0.00
2024-05-24,Friday,0,0,0,0.00,0.00,0.00,,,0.00
2024-05-27,Monday,0,0,0,0.00,0.00,0.00,,,0.00
2024-05-28,Tuesday,0,0,0,0.00,0.00,0.00,,,0.00
2024-05-29,Wednesday,0,0,0,0.00,0.00,0.00,,,0.00
2024-05-30,Thursday,0,0,0,0.00,0.00,0.00,,,0.00
2024-05-31,Friday,0,0,0,0.00,0.00,0.00,,,0.00
2024-06-03,Monday,4,1,3,25.00,-953.78,-0.13,116902.72,115948.93,-0.82
2024-06-04,Tuesday,5,2,3,40.00,2208.65,0.40,115948.93,118157.58,1.90
2024-06-05,Wednesday,2,1,1,50.00,1935.84,0.75,118157.58,120093.41,1.64
2024-06-06,Thursday,4,1,3,25.00,-1066.90,-0.12,120093.41,119026.51,-0.89
2024-06-07,Friday,2,2,0,100.00,7710.16,2.50,119026.51,126736.67,6.48
2024-06-10,Monday,3,0,3,0.00,-5239.56,-1.00,126736.67,121497.11,-4.13
2024-06-11,Tuesday,3,2,1,66.67,6373.24,1.33,121497.11,127870.35,5.25
2024-06-12,Wednesday,4,1,3,25.00,-1342.62,-0.12,127870.35,126527.73,-1.05
2024-06-13,Thursday,2,1,1,50.00,2511.28,0.75,126527.73,129039.01,1.98
2024-06-14,Friday,0,0,0,0.00,0.00,0.00,,,0.00
2024-06-17,Monday,0,0,0,0.00,0.00,0.00,,,0.00
2024-06-18,Tuesday,0,0,0,0.00,0.00,0.00,,,0.00
2024-06-19,Wednesday,0,0,0,0.00,0.00,0.00,,,0.00
2024-06-20,Thursday,0,0,0,0.00,0.00,0.00,,,0.00
2024-06-21,Friday,0,0,0,0.00,0.00,0.00,,,0.00
2024-06-24,Monday,0,0,0,0.00,0.00,0.00,,,0.00
2024-06-25,Tuesday,0,0,0,0.00,0.00,0.00,,,0.00
2024-06-26,Wednesday,0,0,0,0.00,0.00,0.00,,,0.00
2024-06-27,Thursday,0,0,0,0.00,0.00,0.00,,,0.00
2024-06-28,Friday,0,0,0,0.00,0.00,0.00,,,0.00
2024-07-01,Monday,6,0,6,0.00,-10341.75,-1.00,129039.01,118697.26,-8.01
2024-07-02,Tuesday,3,3,0,100.00,12162.71,2.50,118697.26,130859.96,10.25
2024-07-03,Wednesday,1,0,1,0.00,-2043.00,-1.00,130859.97,128816.97,-1.56
2024-07-04,Thursday,2,0,2,0.00,-3784.66,-1.00,128816.97,125032.31,-2.94
2024-07-05,Friday,1,1,0,100.00,4379.04,2.50,125032.31,129411.35,3.50
2024-07-08,Monday,4,2,2,50.00,5605.34,0.75,129411.35,135016.69,4.33
2024-07-09,Tuesday,4,1,3,25.00,-1595.98,-0.12,135016.69,133420.71,-1.18
2024-07-10,Wednesday,3,2,1,66.67,8785.92,1.33,133420.71,142206.62,6.59
2024-07-11,Thursday,0,0,0,0.00,0.00,0.00,,,0.00
2024-07-12,Friday,0,0,0,0.00,0.00,0.00,,,0.00
2024-07-15,Monday,0,0,0,0.00,0.00,0.00,,,0.00
2024-07-16,Tuesday,0,0,0,0.00,0.00,0.00,,,0.00
2024-07-17,Wednesday,0,0,0,0.00,0.00,0.00,,,0.00
2024-07-18,Thursday,0,0,0,0.00,0.00,0.00,,,0.00
2024-07-19,Friday,0,0,0,0.00,0.00,0.00,,,0.00
2024-07-22,Monday,0,0,0,0.00,0.00,0.00,,,0.00
2024-07-23,Tuesday,0,0,0,0.00,0.00,0.00,,,0.00
2024-07-24,Wednesday,0,0,0,0.00,0.00,0.00,,,0.00
2024-07-25,Thursday,0,0,0,0.00,0.00,0.00,,,0.00
2024-07-26,Friday,0,0,0,0.00,0.00,0.00,,,0.00
2024-07-29,Monday,0,0,0,0.00,0.00,0.00,,,0.00
2024-07-30,Tuesday,0,0,0,0.00,0.00,0.00,,,0.00
2024-07-31,Wednesday,0,0,0,0.00,0.00,0.00,,,0.00
2024-08-01,Thursday,1,1,0,100.00,6525.83,2.50,142206.61,148732.44,4.59
2024-08-02,Friday,2,1,1,50.00,4037.86,0.75,148732.44,152770.30,2.71
2024-08-05,Monday,4,1,3,25.00,-2225.41,-0.12,152770.31,150544.90,-1.46
2024-08-06,Tuesday,1,1,0,100.00,7568.11,2.50,150544.90,158113.01,5.03
2024-08-07,Wednesday,0,0,0,0.00,0.00,0.00,,,0.00
2024-08-08,Thursday,0,0,0,0.00,0.00,0.00,,,0.00
2024-08-09,Friday,0,0,0,0.00,0.00,0.00,,,0.00
2024-08-12,Monday,0,0,0,0.00,0.00,0.00,,,0.00
2024-08-13,Tuesday,0,0,0,0.00,0.00,0.00,,,0.00
2024-08-14,Wednesday,0,0,0,0.00,0.00,0.00,,,0.00
2024-08-15,Thursday,0,0,0,0.00,0.00,0.00,,,0.00
2024-08-16,Friday,0,0,0,0.00,0.00,0.00,,,0.00
2024-08-19,Monday,0,0,0,0.00,0.00,0.00,,,0.00
2024-08-20,Tuesday,0,0,0,0.00,0.00,0.00,,,0.00
2024-08-21,Wednesday,0,0,0,0.00,0.00,0.00,,,0.00
2024-08-22,Thursday,0,0,0,0.00,0.00,0.00,,,0.00
2024-08-23,Friday,0,0,0,0.00,0.00,0.00,,,0.00
2024-08-26,Monday,0,0,0,0.00,0.00,0.00,,,0.00
2024-08-27,Tuesday,0,0,0,0.00,0.00,0.00,,,0.00
2024-08-28,Wednesday,0,0,0,0.00,0.00,0.00,,,0.00
2024-08-29,Thursday,0,0,0,0.00,0.00,0.00,,,0.00
2024-08-30,Friday,0,0,0,0.00,0.00,0.00,,,0.00
2024-09-02,Monday,3,1,2,33.33,1514.13,0.17,158113.01,159627.14,0.96
2024-09-03,Tuesday,2,2,0,100.00,17453.39,2.50,159627.14,177080.53,10.93
2024-09-04,Wednesday,0,0,0,0.00,0.00,0.00,,,0.00
2024-09-05,Thursday,0,0,0,0.00,0.00,0.00,,,0.00
2024-09-06,Friday,0,0,0,0.00,0.00,0.00,,,0.00
2024-09-09,Monday,0,0,0,0.00,0.00,0.00,,,0.00
2024-09-10,Tuesday,0,0,0,0.00,0.00,0.00,,,0.00
2024-09-11,Wednesday,0,0,0,0.00,0.00,0.00,,,0.00
2024-09-12,Thursday,0,0,0,0.00,0.00,0.00,,,0.00
2024-09-13,Friday,0,0,0,0.00,0.00,0.00,,,0.00
2024-09-16,Monday,0,0,0,0.00,0.00,0.00,,,0.00
2024-09-17,Tuesday,0,0,0,0.00,0.00,0.00,,,0.00
2024-09-18,Wednesday,0,0,0,0.00,0.00,0.00,,,0.00
2024-09-19,Thursday,0,0,0,0.00,0.00,0.00,,,0.00
2024-09-20,Friday,0,0,0,0.00,0.00,0.00,,,0.00
2024-09-23,Monday,0,0,0,0.00,0.00,0.00,,,0.00
2024-09-24,Tuesday,0,0,0,0.00,0.00,0.00,,,0.00
2024-09-25,Wednesday,0,0,0,0.00,0.00,0.00,,,0.00
2024-09-26,Thursday,0,0,0,0.00,0.00,0.00,,,0.00
2024-09-27,Friday,0,0,0,0.00,0.00,0.00,,,0.00
2024-09-30,Monday,0,0,0,0.00,0.00,0.00,,,0.00
2024-10-01,Tuesday,3,1,2,33.33,1750.00,0.17,177080.53,178830.53,0.99
2024-10-02,Wednesday,4,0,4,0.00,-14000.00,-1.00,178830.53,164830.53,-7.83
2024-10-03,Thursday,3,1,2,33.33,1750.00,0.17,164830.53,166580.53,1.06
2024-10-04,Friday,2,1,1,50.00,5250.00,0.75,166580.53,171830.53,3.15
2024-10-07,Monday,2,1,1,50.00,5250.00,0.75,171830.53,177080.53,3.06
2024-10-08,Tuesday,3,1,2,33.33,1750.00,0.17,177080.53,178830.53,0.99
2024-10-09,Wednesday,4,2,2,50.00,10500.00,0.75,178830.53,189330.53,5.87
2024-10-10,Thursday,3,0,3,0.00,-10500.00,-1.00,189330.53,178830.53,-5.55
2024-10-11,Friday,2,1,1,50.00,5250.00,0.75,178830.53,184080.53,2.94
2024-10-14,Monday,2,1,1,50.00,5250.00,0.75,184080.53,189330.53,2.85
2024-10-15,Tuesday,1,1,0,100.00,8750.00,2.50,189330.53,198080.53,4.62
2024-10-16,Wednesday,0,0,0,0.00,0.00,0.00,,,0.00
2024-10-17,Thursday,0,0,0,0.00,0.00,0.00,,,0.00
2024-10-18,Friday,0,0,0,0.00,0.00,0.00,,,0.00
2024-10-21,Monday,0,0,0,0.00,0.00,0.00,,,0.00
2024-10-22,Tuesday,0,0,0,0.00,0.00,0.00,,,0.00
2024-10-23,Wednesday,0,0,0,0.00,0.00,0.00,,,0.00
2024-10-24,Thursday,0,0,0,0.00,0.00,0.00,,,0.00
2024-10-25,Friday,0,0,0,0.00,0.00,0.00,,,0.00
2024-10-28,Monday,0,0,0,0.00,0.00,0.00,,,0.00
2024-10-29,Tuesday,0,0,0,0.00,0.00,0.00,,,0.00
2024-10-30,Wednesday,0,0,0,0.00,0.00,0.00,,,0.00
2024-10-31,Thursday,0,0,0,0.00,0.00,0.00,,,0.00
2024-11-01,Friday,4,0,4,0.00,-14000.00,-1.00,198080.53,184080.53,-7.07
2024-11-04,Monday,4,1,3,25.00,-1750.00,-0.12,184080.53,182330.53,-0.95
2024-11-05,Tuesday,1,1,0,100.00,8750.00,2.50,182330.53,191080.53,4.80
2024-11-06,Wednesday,3,2,1,66.67,14000.00,1.33,191080.53,205080.53,7.33
2024-11-07,Thursday,3,0,3,0.00,-10500.00,-1.00,205080.53,194580.53,-5.12
2024-11-08,Friday,6,2,4,33.33,3500.00,0.17,194580.53,198080.53,1.80
2024-11-11,Monday,2,1,1,50.00,5250.00,0.75,198080.53,203330.53,2.65
2024-11-12,Tuesday,8,3,5,37.50,8750.00,0.31,203330.53,212080.53,4.30
2024-11-13,Wednesday,1,1,0,100.00,8750.00,2.50,212080.53,220830.53,4.13
2024-11-14,Thursday,0,0,0,0.00,0.00,0.00,,,0.00
2024-11-15,Friday,0,0,0,0.00,0.00,0.00,,,0.00
2024-11-18,Monday,0,0,0,0.00,0.00,0.00,,,0.00
2024-11-19,Tuesday,0,0,0,0.00,0.00,0.00,,,0.00
2024-11-20,Wednesday,0,0,0,0.00,0.00,0.00,,,0.00
2024-11-21,Thursday,0,0,0,0.00,0.00,0.00,,,0.00
2024-11-22,Friday,0,0,0,0.00,0.00,0.00,,,0.00
2024-11-25,Monday,0,0,0,0.00,0.00,0.00,,,0.00
2024-11-26,Tuesday,0,0,0,0.00,0.00,0.00,,,0.00
2024-11-27,Wednesday,0,0,0,0.00,0.00,0.00,,,0.00
2024-11-28,Thursday,0,0,0,0.00,0.00,0.00,,,0.00
2024-11-29,Friday,0,0,0,0.00,0.00,0.00,,,0.00
2024-12-02,Monday,2,2,0,100.00,17500.00,2.50,220830.53,238330.53,7.92
2024-12-03,Tuesday,7,2,5,28.57,0.00,0.00,238330.53,238330.53,0.00
2024-12-04,Wednesday,2,1,1,50.00,5250.00,0.75,238330.53,243580.53,2.20
2024-12-05,Thursday,0,0,0,0.00,0.00,0.00,,,0.00
2024-12-06,Friday,0,0,0,0.00,0.00,0.00,,,0.00
2024-12-09,Monday,0,0,0,0.00,0.00,0.00,,,0.00
2024-12-10,Tuesday,0,0,0,0.00,0.00,0.00,,,0.00
2024-12-11,Wednesday,0,0,0,0.00,0.00,0.00,,,0.00
2024-12-12,Thursday,0,0,0,0.00,0.00,0.00,,,0.00
2024-12-13,Friday,0,0,0,0.00,0.00,0.00,,,0.00
2024-12-16,Monday,0,0,0,0.00,0.00,0.00,,,0.00
2024-12-17,Tuesday,0,0,0,0.00,0.00,0.00,,,0.00
2024-12-18,Wednesday,0,0,0,0.00,0.00,0.00,,,0.00
2024-12-19,Thursday,0,0,0,0.00,0.00,0.00,,,0.00
2024-12-20,Friday,0,0,0,0.00,0.00,0.00,,,0.00
2024-12-23,Monday,0,0,0,0.00,0.00,0.00,,,0.00
2024-12-24,Tuesday,0,0,0,0.00,0.00,0.00,,,0.00
2024-12-25,Wednesday,0,0,0,0.00,0.00,0.00,,,0.00
2024-12-26,Thursday,0,0,0,0.00,0.00,0.00,,,0.00
2024-12-27,Friday,0,0,0,0.00,0.00,0.00,,,0.00
2024-12-30,Monday,0,0,0,0.00,0.00,0.00,,,0.00
2024-12-31,Tuesday,0,0,0,0.00,0.00,0.00,,,0.00
2025-01-01,Wednesday,0,0,0,0.00,0.00,0.00,,,0.00
2025-01-02,Thursday,4,1,3,25.00,-1750.00,-0.12,243580.53,241830.53,-0.72
2025-01-03,Friday,1,1,0,100.00,8750.00,2.50,241830.53,250580.53,3.62
2025-01-06,Monday,3,0,3,0.00,-10500.00,-1.00,250580.53,240080.53,-4.19
2025-01-07,Tuesday,2,2,0,100.00,17500.00,2.50,240080.53,257580.53,7.29
2025-01-08,Wednesday,8,2,6,25.00,-3500.00,-0.12,257580.53,254080.53,-1.36
2025-01-09,Thursday,0,0,0,0.00,0.00,0.00,,,0.00
2025-01-10,Friday,4,2,2,50.00,10500.00,0.75,254080.53,264580.53,4.13
2025-01-13,Monday,4,1,3,25.00,-1750.00,-0.12,264580.53,262830.53,-0.66
2025-01-14,Tuesday,2,1,1,50.00,5250.00,0.75,262830.53,268080.53,2.00
2025-01-15,Wednesday,0,0,0,0.00,0.00,0.00,,,0.00
2025-01-16,Thursday,0,0,0,0.00,0.00,0.00,,,0.00
2025-01-17,Friday,0,0,0,0.00,0.00,0.00,,,0.00
2025-01-20,Monday,0,0,0,0.00,0.00,0.00,,,0.00
2025-01-21,Tuesday,0,0,0,0.00,0.00,0.00,,,0.00
2025-01-22,Wednesday,0,0,0,0.00,0.00,0.00,,,0.00
2025-01-23,Thursday,0,0,0,0.00,0.00,0.00,,,0.00
2025-01-24,Friday,0,0,0,0.00,0.00,0.00,,,0.00
2025-01-27,Monday,0,0,0,0.00,0.00,0.00,,,0.00
2025-01-28,Tuesday,0,0,0,0.00,0.00,0.00,,,0.00
2025-01-29,Wednesday,0,0,0,0.00,0.00,0.00,,,0.00
2025-01-30,Thursday,0,0,0,0.00,0.00,0.00,,,0.00
2025-01-31,Friday,0,0,0,0.00,0.00,0.00,,,0.00
2025-02-03,Monday,5,1,4,20.00,-5250.00,-0.30,268080.53,262830.53,-1.96
2025-02-04,Tuesday,6,2,4,33.33,3500.00,0.17,262830.53,266330.53,1.33
2025-02-05,Wednesday,5,2,3,40.00,7000.00,0.40,266330.53,273330.53,2.63
2025-02-06,Thursday,5,2,3,40.00,7000.00,0.40,273330.53,280330.53,2.56
2025-02-07,Friday,5,2,3,40.00,7000.00,0.40,280330.53,287330.53,2.50
2025-02-10,Monday,3,0,3,0.00,-10500.00,-1.00,287330.53,276830.53,-3.65
2025-02-11,Tuesday,3,1,2,33.33,1750.00,0.17,276830.53,278580.53,0.63
2025-02-12,Wednesday,4,2,2,50.00,10500.00,0.75,278580.53,289080.53,3.77
2025-02-13,Thursday,1,1,0,100.00,8750.00,2.50,289080.53,297830.53,3.03
2025-02-14,Friday,0,0,0,0.00,0.00,0.00,,,0.00
2025-02-17,Monday,0,0,0,0.00,0.00,0.00,,,0.00
2025-02-18,Tuesday,0,0,0,0.00,0.00,0.00,,,0.00
2025-02-19,Wednesday,0,0,0,0.00,0.00,0.00,,,0.00
2025-02-20,Thursday,0,0,0,0.00,0.00,0.00,,,0.00
2025-02-21,Friday,0,0,0,0.00,0.00,0.00,,,0.00
2025-02-24,Monday,0,0,0,0.00,0.00,0.00,,,0.00
2025-02-25,Tuesday,0,0,0,0.00,0.00,0.00,,,0.00
2025-02-26,Wednesday,0,0,0,0.00,0.00,0.00,,,0.00
2025-02-27,Thursday,0,0,0,0.00,0.00,0.00,,,0.00
2025-02-28,Friday,0,0,0,0.00,0.00,0.00,,,0.00
2025-03-03,Monday,6,3,3,50.00,15750.00,0.75,297830.53,313580.53,5.29
2025-03-04,Tuesday,5,2,3,40.00,7000.00,0.40,313580.53,320580.53,2.23
2025-03-05,Wednesday,3,1,2,33.33,1750.00,0.17,320580.53,322330.53,0.55
2025-03-06,Thursday,1,1,0,100.00,8750.00,2.50,322330.53,331080.53,2.71
2025-03-07,Friday,0,0,0,0.00,0.00,0.00,,,0.00
2025-03-10,Monday,0,0,0,0.00,0.00,0.00,,,0.00
2025-03-11,Tuesday,0,0,0,0.00,0.00,0.00,,,0.00
2025-03-12,Wednesday,0,0,0,0.00,0.00,0.00,,,0.00
2025-03-13,Thursday,0,0,0,0.00,0.00,0.00,,,0.00
2025-03-14,Friday,0,0,0,0.00,0.00,0.00,,,0.00
2025-03-17,Monday,0,0,0,0.00,0.00,0.00,,,0.00
2025-03-18,Tuesday,0,0,0,0.00,0.00,0.00,,,0.00
2025-03-19,Wednesday,0,0,0,0.00,0.00,0.00,,,0.00
2025-03-20,Thursday,0,0,0,0.00,0.00,0.00,,,0.00
2025-03-21,Friday,0,0,0,0.00,0.00,0.00,,,0.00
2025-03-24,Monday,0,0,0,0.00,0.00,0.00,,,0.00
2025-03-25,Tuesday,0,0,0,0.00,0.00,0.00,,,0.00
2025-03-26,Wednesday,0,0,0,0.00,0.00,0.00,,,0.00
2025-03-27,Thursday,0,0,0,0.00,0.00,0.00,,,0.00
2025-03-28,Friday,0,0,0,0.00,0.00,0.00,,,0.00
2025-03-31,Monday,0,0,0,0.00,0.00,0.00,,,0.00
2025-04-01,Tuesday,4,2,2,50.00,10500.00,0.75,331080.53,341580.53,3.17
2025-04-02,Wednesday,3,3,0,100.00,26250.00,2.50,341580.53,367830.53,7.68
2025-04-03,Thursday,0,0,0,0.00,0.00,0.00,,,0.00
2025-04-04,Friday,0,0,0,0.00,0.00,0.00,,,0.00
2025-04-07,Monday,0,0,0,0.00,0.00,0.00,,,0.00
2025-04-08,Tuesday,0,0,0,0.00,0.00,0.00,,,0.00
2025-04-09,Wednesday,0,0,0,0.00,0.00,0.00,,,0.00
2025-04-10,Thursday,0,0,0,0.00,0.00,0.00,,,0.00
2025-04-11,Friday,0,0,0,0.00,0.00,0.00,,,0.00
2025-04-14,Monday,0,0,0,0.00,0.00,0.00,,,0.00
2025-04-15,Tuesday,0,0,0,0.00,0.00,0.00,,,0.00
2025-04-16,Wednesday,0,0,0,0.00,0.00,0.00,,,0.00
2025-04-17,Thursday,0,0,0,0.00,0.00,0.00,,,0.00
2025-04-18,Friday,0,0,0,0.00,0.00,0.00,,,0.00
2025-04-21,Monday,0,0,0,0.00,0.00,0.00,,,0.00
2025-04-22,Tuesday,0,0,0,0.00,0.00,0.00,,,0.00
2025-04-23,Wednesday,0,0,0,0.00,0.00,0.00,,,0.00
2025-04-24,Thursday,0,0,0,0.00,0.00,0.00,,,0.00
2025-04-25,Friday,0,0,0,0.00,0.00,0.00,,,0.00
2025-04-28,Monday,0,0,0,0.00,0.00,0.00,,,0.00
2025-04-29,Tuesday,0,0,0,0.00,0.00,0.00,,,0.00
2025-04-30,Wednesday,0,0,0,0.00,0.00,0.00,,,0.00
2025-05-01,Thursday,2,0,2,0.00,-7000.00,-1.00,367830.53,360830.53,-1.90
2025-05-02,Friday,4,1,3,25.00,-1750.00,-0.12,360830.53,359080.53,-0.48
2025-05-05,Monday,1,1,0,100.00,8750.00,2.50,359080.53,367830.53,2.44
2025-05-06,Tuesday,3,1,2,33.33,1750.00,0.17,367830.53,369580.53,0.48
2025-05-07,Wednesday,5,2,3,40.00,7000.00,0.40,369580.53,376580.53,1.89
2025-05-08,Thursday,3,0,3,0.00,-10500.00,-1.00,376580.53,366080.53,-2.79
2025-05-09,Friday,5,0,5,0.00,-17500.00,-1.00,366080.53,348580.53,-4.78
2025-05-12,Monday,3,2,1,66.67,14000.00,1.33,348580.53,362580.53,4.02
2025-05-13,Tuesday,1,0,1,0.00,-3500.00,-1.00,362580.53,359080.53,-0.97
2025-05-14,Wednesday,5,0,5,0.00,-17500.00,-1.00,359080.53,341580.53,-4.87
2025-05-15,Thursday,2,1,1,50.00,5250.00,0.75,341580.53,346830.53,1.54
2025-05-16,Friday,2,1,1,50.00,5250.00,0.75,346830.53,352080.53,1.51
2025-05-19,Monday,3,2,1,66.67,14000.00,1.33,352080.53,366080.53,3.98
2025-05-20,Tuesday,4,2,2,50.00,10500.00,0.75,366080.53,376580.53,2.87
2025-05-21,Wednesday,3,1,2,33.33,1750.00,0.17,376580.53,378330.53,0.46
2025-05-22,Thursday,3,0,3,0.00,-10500.00,-1.00,378330.53,367830.53,-2.78
2025-05-23,Friday,4,1,3,25.00,-1750.00,-0.12,367830.53,366080.53,-0.48
2025-05-26,Monday,1,1,0,100.00,8750.00,2.50,366080.53,374830.53,2.39
2025-05-27,Tuesday,1,0,1,0.00,-3500.00,-1.00,374830.53,371330.53,-0.93
2025-05-28,Wednesday,5,2,3,40.00,7000.00,0.40,371330.53,378330.53,1.89
2025-05-29,Thursday,5,3,2,60.00,19250.00,1.10,378330.53,397580.53,5.09
2025-05-30,Friday,1,1,0,100.00,8750.00,2.50,397580.53,406330.53,2.20
2025-06-02,Monday,3,1,2,33.33,1750.00,0.17,406330.53,408080.53,0.43
2025-06-03,Tuesday,3,1,2,33.33,1750.00,0.17,408080.53,409830.53,0.43
2025-06-04,Wednesday,1,1,0,100.00,8750.00,2.50,409830.53,418580.53,2.14
2025-06-05,Thursday,4,4,0,100.00,35000.00,2.50,418580.53,453580.53,8.36
2025-06-06,Friday,0,0,0,0.00,0.00,0.00,,,0.00
2025-06-09,Monday,0,0,0,0.00,0.00,0.00,,,0.00
2025-06-10,Tuesday,0,0,0,0.00,0.00,0.00,,,0.00
2025-06-11,Wednesday,0,0,0,0.00,0.00,0.00,,,0.00
2025-06-12,Thursday,0,0,0,0.00,0.00,0.00,,,0.00
2025-06-13,Friday,0,0,0,0.00,0.00,0.00,,,0.00
2025-06-16,Monday,0,0,0,0.00,0.00,0.00,,,0.00
2025-06-17,Tuesday,0,0,0,0.00,0.00,0.00,,,0.00
2025-06-18,Wednesday,0,0,0,0.00,0.00,0.00,,,0.00
2025-06-19,Thursday,0,0,0,0.00,0.00,0.00,,,0.00
2025-06-20,Friday,0,0,0,0.00,0.00,0.00,,,0.00
2025-06-23,Monday,0,0,0,0.00,0.00,0.00,,,0.00
2025-06-24,Tuesday,0,0,0,0.00,0.00,0.00,,,0.00
2025-06-25,Wednesday,0,0,0,0.00,0.00,0.00,,,0.00
2025-06-26,Thursday,0,0,0,0.00,0.00,0.00,,,0.00
2025-06-27,Friday,0,0,0,0.00,0.00,0.00,,,0.00
2025-06-30,Monday,0,0,0,0.00,0.00,0.00,,,0.00
2025-07-01,Tuesday,4,1,3,25.00,-1750.00,-0.12,453580.53,451830.53,-0.39
2025-07-02,Wednesday,1,1,0,100.00,8750.00,2.50,451830.53,460580.53,1.94
2025-07-03,Thursday,0,0,0,0.00,0.00,0.00,,,0.00
2025-07-04,Friday,1,1,0,100.00,8750.00,2.50,460580.53,469330.53,1.90
2025-07-07,Monday,6,2,4,33.33,3500.00,0.17,469330.53,472830.53,0.75
2025-07-08,Tuesday,4,0,4,0.00,-14000.00,-1.00,472830.53,458830.53,-2.96
2025-07-09,Wednesday,3,1,2,33.33,1750.00,0.17,458830.53,460580.53,0.38
2025-07-10,Thursday,6,1,5,16.67,-8750.00,-0.42,460580.53,451830.53,-1.90
2025-07-11,Friday,1,0,1,0.00,-3500.00,-1.00,451830.53,448330.53,-0.77
2025-07-14,Monday,5,2,3,40.00,7000.00,0.40,448330.53,455330.53,1.56
2025-07-15,Tuesday,3,1,2,33.33,1750.00,0.17,455330.53,457080.53,0.38
2025-07-16,Wednesday,3,1,2,33.33,1750.00,0.17,457080.53,458830.53,0.38
2025-07-17,Thursday,3,1,2,33.33,1750.00,0.17,458830.53,460580.53,0.38
2025-07-18,Friday,5,1,4,20.00,-5250.00,-0.30,460580.53,455330.53,-1.14
2025-07-21,Monday,3,0,3,0.00,-10500.00,-1.00,455330.53,444830.53,-2.31
2025-07-22,Tuesday,3,2,1,66.67,14000.00,1.33,444830.53,458830.53,3.15
2025-07-23,Wednesday,2,1,1,50.00,5250.00,0.75,458830.53,464080.53,1.14
2025-07-24,Thursday,5,2,3,40.00,7000.00,0.40,464080.53,471080.53,1.51
2025-07-25,Friday,4,2,2,50.00,10500.00,0.75,471080.53,481580.53,2.23
2025-07-28,Monday,4,2,2,50.00,10500.00,0.75,481580.53,492080.53,2.18
2025-07-29,Tuesday,3,1,2,33.33,1750.00,0.17,492080.53,493830.53,0.36
2025-07-30,Wednesday,1,1,0,100.00,8750.00,2.50,493830.53,502580.53,1.77
2025-07-31,Thursday,0,0,0,0.00,0.00,0.00,,,0.00
2025-08-01,Friday,5,1,4,20.00,-5250.00,-0.30,502580.53,497330.53,-1.04
2025-08-04,Monday,6,2,4,33.33,3500.00,0.17,497330.53,500830.53,0.70
2025-08-05,Tuesday,4,2,2,50.00,10500.00,0.75,500830.53,511330.53,2.10
2025-08-06,Wednesday,3,2,1,66.67,14000.00,1.33,511330.53,525330.53,2.74
2025-08-07,Thursday,0,0,0,0.00,0.00,0.00,,,0.00
2025-08-08,Friday,2,1,1,50.00,5250.00,0.75,525330.53,530580.53,1.00
2025-08-11,Monday,1,0,1,0.00,-3500.00,-1.00,530580.53,527080.53,-0.66
2025-08-12,Tuesday,1,1,0,100.00,8750.00,2.50,527080.53,535830.53,1.66
2025-08-13,Wednesday,5,0,5,0.00,-17500.00,-1.00,535830.53,518330.53,-3.27
2025-08-14,Thursday,2,0,2,0.00,-7000.00,-1.00,518330.53,511330.53,-1.35
2025-08-15,Friday,5,1,4,20.00,-5250.00,-0.30,511330.53,506080.53,-1.03
2025-08-18,Monday,3,0,3,0.00,-10500.00,-1.00,506080.53,495580.53,-2.07
2025-08-19,Tuesday,3,2,1,66.67,14000.00,1.33,495580.53,509580.53,2.82
2025-08-20,Wednesday,5,0,5,0.00,-17500.00,-1.00,509580.53,492080.53,-3.43
2025-08-21,Thursday,4,1,3,25.00,-1750.00,-0.12,492080.53,490330.53,-0.36
2025-08-22,Friday,3,1,2,33.33,1750.00,0.17,490330.53,492080.53,0.36
2025-08-25,Monday,3,1,2,33.33,1750.00,0.17,492080.53,493830.53,0.36
2025-08-26,Tuesday,4,2,2,50.00,10500.00,0.75,493830.53,504330.53,2.13
2025-08-27,Wednesday,3,1,2,33.33,1750.00,0.17,504330.53,506080.53,0.35
2025-08-28,Thursday,3,2,1,66.67,14000.00,1.33,506080.53,520080.53,2.77
2025-08-29,Friday,3,0,3,0.00,-10500.00,-1.00,520080.53,509580.53,-2.02
2025-09-01,Monday,1,0,1,0.00,-3500.00,-1.00,509580.53,506080.53,-0.69
2025-09-02,Tuesday,3,1,2,33.33,1750.00,0.17,506080.53,507830.53,0.35
2025-09-03,Wednesday,3,2,1,66.67,14000.00,1.33,507830.53,521830.53,2.76
2025-09-04,Thursday,2,1,1,50.00,5250.00,0.75,521830.53,527080.53,1.01
2025-09-05,Friday,4,0,4,0.00,-14000.00,-1.00,527080.53,513080.53,-2.66
2025-09-08,Monday,5,1,4,20.00,-5250.00,-0.30,513080.53,507830.53,-1.02
2025-09-09,Tuesday,2,1,1,50.00,5250.00,0.75,507830.53,513080.53,1.03
2025-09-10,Wednesday,3,1,2,33.33,1750.00,0.17,513080.53,514830.53,0.34
2025-09-11,Thursday,3,0,3,0.00,-10500.00,-1.00,514830.53,504330.53,-2.04
2025-09-12,Friday,3,2,1,66.67,14000.00,1.33,504330.53,518330.53,2.78
2025-09-15,Monday,1,1,0,100.00,8750.00,2.50,518330.53,527080.53,1.69
2025-09-16,Tuesday,3,1,2,33.33,1750.00,0.17,527080.53,528830.53,0.33
2025-09-17,Wednesday,4,1,3,25.00,-1750.00,-0.12,528830.53,527080.53,-0.33
2025-09-18,Thursday,5,1,4,20.00,-5250.00,-0.30,527080.53,521830.53,-1.00
2025-09-19,Friday,4,2,2,50.00,10500.00,0.75,521830.53,532330.53,2.01
2025-09-22,Monday,3,2,1,66.67,14000.00,1.33,532330.53,546330.53,2.63
2025-09-23,Tuesday,5,1,4,20.00,-5250.00,-0.30,546330.53,541080.53,-0.96
2025-09-24,Wednesday,3,1,2,33.33,1750.00,0.17,541080.53,542830.53,0.32
2025-09-25,Thursday,5,1,4,20.00,-5250.00,-0.30,542830.53,537580.53,-0.97
2025-09-26,Friday,3,1,2,33.33,1750.00,0.17,537580.53,539330.53,0.33
2025-09-29,Monday,3,2,1,66.67,14000.00,1.33,539330.53,553330.53,2.60
2025-09-30,Tuesday,2,1,1,50.00,5250.00,0.75,553330.53,558580.53,0.95
2025-10-01,Wednesday,5,3,2,60.00,19250.00,1.10,558580.53,577830.53,3.45
2025-10-02,Thursday,3,0,3,0.00,-10500.00,-1.00,577830.53,567330.53,-1.82
2025-10-03,Friday,5,1,4,20.00,-5250.00,-0.30,567330.53,562080.53,-0.93
2025-10-06,Monday,2,1,1,50.00,5250.00,0.75,562080.53,567330.53,0.93
2025-10-07,Tuesday,4,0,4,0.00,-14000.00,-1.00,567330.53,553330.53,-2.47
2025-10-08,Wednesday,4,3,1,75.00,22750.00,1.62,553330.53,576080.53,4.11
2025-10-09,Thursday,4,1,3,25.00,-1750.00,-0.12,576080.53,574330.53,-0.30
2025-10-10,Friday,3,2,1,66.67,14000.00,1.33,574330.53,588330.53,2.44
2025-10-13,Monday,2,1,1,50.00,5250.00,0.75,588330.53,593580.53,0.89
2025-10-14,Tuesday,3,1,2,33.33,1750.00,0.17,593580.53,595330.53,0.29
2025-10-15,Wednesday,1,1,0,100.00,8750.00,2.50,595330.53,604080.53,1.47
2025-10-16,Thursday,3,2,1,66.67,14000.00,1.33,604080.53,618080.53,2.32
2025-10-17,Friday,0,0,0,0.00,0.00,0.00,,,0.00
2025-10-20,Monday,0,0,0,0.00,0.00,0.00,,,0.00
2025-10-21,Tuesday,0,0,0,0.00,0.00,0.00,,,0.00
2025-10-22,Wednesday,0,0,0,0.00,0.00,0.00,,,0.00
2025-10-23,Thursday,0,0,0,0.00,0.00,0.00,,,0.00
2025-10-24,Friday,0,0,0,0.00,0.00,0.00,,,0.00
2025-10-27,Monday,0,0,0,0.00,0.00,0.00,,,0.00
2025-10-28,Tuesday,0,0,0,0.00,0.00,0.00,,,0.00
2025-10-29,Wednesday,0,0,0,0.00,0.00,0.00,,,0.00
2025-10-30,Thursday,0,0,0,0.00,0.00,0.00,,,0.00
2025-10-31,Friday,0,0,0,0.00,0.00,0.00,,,0.00
2025-11-03,Monday,2,1,1,50.00,5250.00,0.75,618080.53,623330.53,0.85
2025-11-04,Tuesday,3,2,1,66.67,14000.00,1.33,623330.53,637330.53,2.25
2025-11-05,Wednesday,3,2,1,66.67,14000.00,1.33,637330.53,651330.53,2.20
2025-11-06,Thursday,3,1,2,33.33,1750.00,0.17,651330.53,653080.53,0.27
2025-11-07,Friday,3,2,1,66.67,14000.00,1.33,653080.53,667080.53,2.14
2025-11-10,Monday,2,2,0,100.00,17500.00,2.50,667080.53,684580.53,2.62
2025-11-11,Tuesday,0,0,0,0.00,0.00,0.00,,,0.00
2025-11-12,Wednesday,0,0,0,0.00,0.00,0.00,,,0.00
2025-11-13,Thursday,0,0,0,0.00,0.00,0.00,,,0.00
2025-11-14,Friday,0,0,0,0.00,0.00,0.00,,,0.00
2025-11-17,Monday,0,0,0,0.00,0.00,0.00,,,0.00
2025-11-18,Tuesday,0,0,0,0.00,0.00,0.00,,,0.00
2025-11-19,Wednesday,0,0,0,0.00,0.00,0.00,,,0.00
2025-11-20,Thursday,0,0,0,0.00,0.00,0.00,,,0.00
2025-11-21,Friday,0,0,0,0.00,0.00,0.00,,,0.00
2025-11-24,Monday,0,0,0,0.00,0.00,0.00,,,0.00
2025-11-25,Tuesday,0,0,0,0.00,0.00,0.00,,,0.00
2025-11-26,Wednesday,0,0,0,0.00,0.00,0.00,,,0.00
2025-11-27,Thursday,0,0,0,0.00,0.00,0.00,,,0.00
2025-11-28,Friday,0,0,0,0.00,0.00,0.00,,,0.00
2025-12-01,Monday,6,2,4,33.33,3500.00,0.17,684580.53,688080.53,0.51
2025-12-02,Tuesday,5,2,3,40.00,7000.00,0.40,688080.53,695080.53,1.02
2025-12-03,Wednesday,4,0,4,0.00,-14000.00,-1.00,695080.53,681080.53,-2.01
2025-12-04,Thursday,5,1,4,20.00,-5250.00,-0.30,681080.53,675830.53,-0.77
2025-12-05,Friday,5,1,4,20.00,-5250.00,-0.30,675830.53,670580.53,-0.78
2025-12-08,Monday,2,1,1,50.00,5250.00,0.75,670580.53,675830.53,0.78
2025-12-09,Tuesday,2,0,2,0.00,-7000.00,-1.00,675830.53,668830.53,-1.04
2025-12-10,Wednesday,3,1,2,33.33,1750.00,0.17,668830.53,670580.53,0.26
2025-12-11,Thursday,2,1,1,50.00,5250.00,0.75,670580.53,675830.53,0.78
2025-12-12,Friday,2,2,0,100.00,17500.00,2.50,675830.53,693330.53,2.59
2025-12-15,Monday,3,1,2,33.33,1750.00,0.17,693330.53,695080.53,0.25
2025-12-16,Tuesday,5,1,4,20.00,-5250.00,-0.30,695080.53,689830.53,-0.76
2025-12-17,Wednesday,1,1,0,100.00,8750.00,2.50,689830.53,698580.53,1.27
2025-12-18,Thursday,4,0,4,0.00,-14000.00,-1.00,698580.53,684580.53,-2.00
2025-12-19,Friday,1,1,0,100.00,8750.00,2.50,684580.53,693330.53,1.28
2025-12-22,Monday,2,0,2,0.00,-7000.00,-1.00,693330.53,686330.53,-1.01
2025-12-23,Tuesday,2,2,0,100.00,17500.00,2.50,686330.53,703830.53,2.55
2025-12-24,Wednesday,3,1,2,33.33,1750.00,0.17,703830.53,705580.53,0.25
2025-12-25,Thursday,0,0,0,0.00,0.00,0.00,,,0.00
2025-12-26,Friday,4,0,4,0.00,-14000.00,-1.00,705580.53,691580.53,-1.98
2025-12-29,Monday,3,1,2,33.33,1750.00,0.17,691580.53,693330.53,0.25
2025-12-30,Tuesday,4,2,2,50.00,10500.00,0.75,693330.53,703830.53,1.51
2025-12-31,Wednesday,5,1,4,20.00,-5250.00,-0.30,703830.53,698580.53,-0.75
2026-01-01,Thursday,0,0,0,0.00,0.00,0.00,,,0.00
2026-01-02,Friday,4,2,2,50.00,10500.00,0.75,698580.53,709080.53,1.50
2026-01-05,Monday,4,0,4,0.00,-14000.00,-1.00,709080.53,695080.53,-1.97
2026-01-06,Tuesday,3,3,0,100.00,26250.00,2.50,695080.53,721330.53,3.78
2026-01-07,Wednesday,1,0,1,0.00,-3500.00,-1.00,721330.53,717830.53,-0.49
2026-01-08,Thursday,1,0,1,0.00,-3500.00,-1.00,717830.53,714330.53,-0.49
2026-01-09,Friday,4,2,2,50.00,10500.00,0.75,714330.53,724830.53,1.47
2026-01-12,Monday,2,2,0,100.00,17500.00,2.50,724830.53,742330.53,2.41
2026-01-13,Tuesday,4,1,3,25.00,-1750.00,-0.12,742330.53,740580.53,-0.24
2026-01-14,Wednesday,5,2,3,40.00,7000.00,0.40,740580.53,747580.53,0.95
2026-01-15,Thursday,5,0,5,0.00,-17500.00,-1.00,747580.53,730080.53,-2.34
2026-01-16,Friday,5,2,3,40.00,7000.00,0.40,730080.53,737080.53,0.96
2026-01-19,Monday,0,0,0,0.00,0.00,0.00,,,0.00
2026-01-20,Tuesday,1,0,1,0.00,-3500.00,-1.00,737080.53,733580.53,-0.47
2026-01-21,Wednesday,2,1,1,50.00,5250.00,0.75,733580.53,738830.53,0.72
2026-01-22,Thursday,2,0,2,0.00,-7000.00,-1.00,738830.53,731830.53,-0.95
2026-01-23,Friday,6,1,5,16.67,-8750.00,-0.42,731830.53,723080.53,-1.20
2026-01-26,Monday,1,0,1,0.00,-3500.00,-1.00,723080.53,719580.53,-0.48
2026-01-27,Tuesday,1,1,0,100.00,8750.00,2.50,719580.53,728330.53,1.22
2026-01-28,Wednesday,5,0,5,0.00,-17500.00,-1.00,728330.53,710830.53,-2.40
2026-01-29,Thursday,3,0,3,0.00,-10500.00,-1.00,710830.53,700330.53,-1.48
